Symbol,LastStockPrice,LastStockPriceDate,ZoneYYYYMMDD,MMRatio,StdevRatio,ZoneNum,ZoneLabel,BDPos,OptionTicker,Strike,OptionBid,ImpliedYield,StrikeRatio,LongName,Currency,ShareOut,MarketCap,MarketCapUSD,Exchange,MarketCapComma,MarketCapLabel,BDPosDetails,BDPosUSDValue,ExchangeRate,BDCallOptPos,BDCallOptDets,OptionExpiry,BDEQPos,BDEQPosUSDValue,BDEQCallOptPos,MaxBTStrikeRatio,BTStrikeCount
0700.HK,460.2,20210924,20210924,0.27,0.27,5,p-v-,15500,,,,,,Tencent Holdings Limited,HKD,2147483647,4416235634688.0,567245.823553,HKG,"4,416,235.63 MM",Large Cap,"IN(8,600) EQ(6,900)",916214.99,7.7854,0,,,6900,407863.45,0,,
8697.T,2973.5,20210924,20210924,0.87,1.0,3,pHvH,21200,,,,,,Japan Exchange Group Inc.,JPY,529177984,1573510709248.0,14216.115185,JPX,"1,573,510.71 MM",Large Cap,"IN(11,900) EQ(9,300)",569527.94,110.685,0,,,9300,249840.09,0,,
AAPL,146.92,20210924,20210924,0.32,0.01,4,p-vL,6595,AAPL211217C00165000,165,1.36,0.03297,0.12306,Apple Inc.,USD,2147483647,2428616835072.0,2428616.835072,NMS,"2,428,616.84 MM",Large Cap,"IN(3,679) EQ(2,916)",968937.39,1.0,0,,20211217,2916,428418.71,0,18.527992,53
ABNB,175.88,20210924,20210924,1,1.0,3,pHvH,0,ABNB220121C00220000,220,3.4,0.046364,0.250853,Airbnb Inc.,USD,336553984,110565736448.0,110565.736448,NMS,"110,565.74 MM",Large Cap,,0,1.0,0,,20220121,0,0.0,0,,
AXON,179.75,20210924,20210924,0.35,0.03,4,p-vL,0,AXON211217C00220000,220,2.85,0.051818,0.223922,Axon Enterprise Inc.,USD,65675700,11805207552.0,11805.207552,NMS,"11,805.21 MM",Large Cap,,0,1.0,0,,20211217,0,0.0,0,,
ABT,124.37,20210924,20210924,0.59,0.0,4,p-vL,0,ABT220121C00135000,135,1.98,0.044,0.085471,Abbott Laboratories,USD,1772819968,220485632000.0,220485.632,NYQ,"220,485.63 MM",Large Cap,,0,1.0,0,,20220121,0,0.0,0,18.960471,33
AC.PA,30.47,20210924,20210924,1,0.01,1,pHvL,61285,,,,,,Accor SA,EUR,261839008,7978234368.0,9348.763028,PAR,"7,978.23 MM",Mid Cap,"IN(7,279) OP(45,568) EQ(8,438)",2188134.39,0.8534,0,,,8438,301272.38,0,,
ADBE,622.71,20210924,20210924,0.32,0.0,4,p-vL,0,ADBE211217C00700000,700,6.3,0.036,0.124119,Adobe Inc.,USD,476400000,296659058688.0,296659.058688,NMS,"296,659.06 MM",Large Cap,,0,1.0,0,,20211217,0,0.0,0,17.918481,27
ADI,178.53,20210924,20210924,1,0.4,2,pHv-,0,ADI211217C00195000,195,2.1,0.043077,0.092253,Analog Devices Inc.,USD,537411008,95943983104.0,95943.983104,NMS,"95,943.98 MM",Large Cap,,0,1.0,0,,20211217,0,0.0,0,19.21793,24
ADP,202.22,20210924,20210924,0.28,0.42,5,p-v-,0,ADP220121C00230000,230,1.15,0.015,0.137375,Automatic Data Processing Inc.,USD,423080992,85555437568.0,85555.437568,NMS,"85,555.44 MM",Large Cap,,0,1.0,0,,20220121,0,0.0,0,16.665171,26
ADS,102.38,20210924,20210924,1,0.01,1,pHvL,0,ADS211217C00130000,130,1.25,0.038462,0.269779,Alliance Data Systems Corporation,USD,49756000,5094019072.0,5094.019072,NYQ,"5,094.02 MM",Mid Cap,,0,1.0,0,,20211217,0,0.0,0,12.796092,23
ADSK,294.67,20210924,20210924,0.24,0.98,9,pLvH,0,ADSK220121C00340000,340,5.3,0.046765,0.153833,Autodesk Inc.,USD,219850000,64783204352.0,64783.204352,NMS,"64,783.20 MM",Large Cap,,0,1.0,0,,20220121,0,0.0,0,19.94638,20
AENA.MC,141.05,20210924,20210924,1,0.16,1,pHvL,13067,,,,,,Aena S.M.E. S.A.,EUR,150000000,21157500928.0,24792.009524,MCE,"21,157.50 MM",Large Cap,"IN(4,023) OP(6,255) EQ(2,789)",2159714.54,0.8534,0,,,2789,460966.09,0,,
AGL.MI,6.93,20210924,20210924,1,0.21,1,pHvL,127048,,,,,,Autogrill S.p.A.,EUR,251218000,1741945600.0,2041.183033,MIL,"1,741.95 MM",Small Cap,"OP(127,048)",1032283.61,0.8534,0,,,0,0.0,0,,
AIR.PA,115.4,20210924,20210924,0.82,0.0,1,pHvL,0,,,,,,Airbus SE,EUR,785782976,90679353344.0,106256.565906,PAR,"90,679.35 MM",Large Cap,,0,0.8534,0,,,0,0.0,0,,
AMS.MC,56.88,20210924,20210924,0.9,0.04,1,pHvL,48095,,,,,,Amadeus IT Group S.A.,EUR,449630016,25574955008.0,29968.309126,MCE,"25,574.96 MM",Large Cap,"IN(10,845) OP(28,466) EQ(8,784)",3205581.96,0.8534,0,,,8784,585462.77,0,,
AMT,282.18,20210924,20210924,0.24,0.03,7,pLvL,2708,AMT220121C00310000,310,3.7,0.035806,0.09859,American Tower Corporation (REIT),USD,455140992,128431685632.0,128431.685632,NYQ,"128,431.69 MM",Large Cap,"IN(1,605) EQ(1,103)",764143.42,1.0,-2700,IN(-16) EQ(-11),20220121,1103,311244.53,-1100,19.961616,24
AMZN,3425.52,20210924,20210924,0.46,0.0,4,p-vL,467,AMZN211217C03800000,3800,37,0.038947,0.109321,Amazon.com Inc.,USD,506440992,1734823772160.0,1734823.77216,NMS,"1,734,823.77 MM",Large Cap,IN(260) EQ(207),1599717.85,1.0,0,,20211217,207,709082.64,0,19.721378,45
ANET,360.15,20210924,20210924,0.31,0.21,4,p-vL,0,ANET211217C00430000,430,3,0.027907,0.193947,Arista Networks Inc.,USD,76716600,27629484032.0,27629.484032,NYQ,"27,629.48 MM",Large Cap,,0,1.0,0,,20211217,0,0.0,0,19.924621,20
ANGI,14.4,20210924,20210924,1,0.36,2,pHv-,217201,ANGI220121C00020000,20,0.45,0.0675,0.388889,Angi Inc.,USD,82218000,7260407808.0,7260.407808,NMS,"7,260.41 MM",Mid Cap,"IN(38,753) OP(142,862) EQ(35,586)",3127694.4,1.0,0,,20220121,35586,512438.4,0,19.047619,10
ANSS,361.55,20210924,20210924,0.58,0.0,4,p-vL,0,ANSS220121C00400000,400,7.4,0.0555,0.106348,ANSYS Inc.,USD,87252496,31546138624.0,31546.138624,NMS,"31,546.14 MM",Large Cap,,0,1.0,0,,20220121,0,0.0,0,17.899246,21
AON,299.17,20210924,20210924,1,0.84,3,pHvH,2772,AON211217C00330000,330,2.8,0.033939,0.103052,Aon plc,USD,225747008,67536736256.0,67536.736256,NYQ,"67,536.74 MM",Large Cap,"IN(1,499) EQ(1,273)",829299.28,1.0,0,,20211217,1273,380843.43,0,18.213291,22
APH,77.49,20210924,20210924,1,0.74,2,pHv-,0,APH211217C00085000,85,0.6,0.028235,0.096916,Amphenol Corporation,USD,598185024,46353354752.0,46353.354752,NYQ,"46,353.35 MM",Large Cap,,0,1.0,0,,20211217,0,0.0,0,19.094879,21
ASR,189.84,20210924,20210924,1,0.26,2,pHv-,0,ASR211217C00190000,190,5,0.078947,0.000843,Grupo Aeroportuario del Sureste S. A. B. de C. V.,USD,30000000,5705774080.0,5705.77408,NYQ,"5,705.77 MM",Mid Cap,,0,1.0,0,,20211217,0,0.0,0,23.374771,15
ATL.MI,16.4,20210924,20210924,0.97,1.0,3,pHvH,94968,,,,,,Atlantia SpA,EUR,818824000,13428713472.0,15735.544261,MIL,"13,428.71 MM",Large Cap,"OP(94,968)",1825023.67,0.8534,0,,,0,0.0,0,,
ATHM,41.1,20210924,20210924,0.16,0.0,7,pLvL,38396,ATHM211217C00055000,55,0.65,0.047273,0.3382,Autohome Inc.,USD,124980000,5136677888.0,5136.677888,NYQ,"5,136.68 MM",Mid Cap,"OP(38,396)",1578075.52,1.0,0,,20211217,0,0.0,0,,
AVGO,504.92,20210924,20210924,0.97,0.44,2,pHv-,1458,AVGO211217C00550000,550,5.1,0.037091,0.089281,Broadcom Inc.,USD,411616000,207833153536.0,207833.153536,NMS,"207,833.15 MM",Large Cap,IN(804) EQ(654),736173.38,1.0,-1400,IN(-8) EQ(-6),20211217,654,330217.69,-600,19.544061,34
B3SA3.SA,13.88,20210924,20210924,0.22,0.82,9,pLvH,0,,,,,,B3 S.A. - Brasil Bolsa Balcão,BRL,2147483647,84291018752.0,15791.636614,SAO,"84,291.02 MM",Large Cap,,0,5.3377,0,,,0,0.0,0,,
BABA,145.08,20210924,20210924,0,0.95,9,pLvH,14997,BABA211217C00190000,190,2.01,0.042316,0.309622,Alibaba Group Holding Limited,USD,2147483647,396647268352.0,396647.268352,NYQ,"396,647.27 MM",Large Cap,"IN(2,862) OP(9,277) EQ(2,858)",2175764.79,1.0,91000,OP(--,500) OP(--,280) OP(-140) EQ(--,200) EQ(--70),20211217,2858,414638.65
BAX,80.85,20210924,20210924,0.73,1.0,6,p-vH,0,BAX220121C00087500,87.5,1.55,0.053143,0.082251,Baxter International Inc.,USD,499910016,40417722368.0,40417.722368,NYQ,"40,417.72 MM",Large Cap,,0,1.0,0,,20220121,0,0.0,0,19.521906,27
BAYN.DE,46.49,20210924,20210924,0.21,0.74,8,pLv-,0,,,,,,Bayer Aktiengesellschaft,EUR,982424000,45677801472.0,53524.491999,GER,"45,677.80 MM",Large Cap,,0,0.8534,0,,,0,0.0,0,,
BDX,253.18,20210924,20210924,0.61,0.97,6,p-vH,0,BDX211217C00270000,270,3.7,0.054815,0.066435,Becton Dickinson and Company,USD,287190016,72710766592.0,72710.766592,NYQ,"72,710.77 MM",Large Cap,,0,1.0,0,,20211217,0,0.0,0,17.743424,24
BEKE,16.53,20210924,20210924,0.04,0.25,7,pLvL,100570,BEKE220121C00030000,30,0.6,0.06,0.814882,KE Holdings Inc.,USD,1190899968,19685576704.0,19685.576704,NYQ,"19,685.58 MM",Large Cap,"OP(100,570)",1662422.2,1.0,0,,20220121,0,0.0,0,,
BIIB,291.71,20210924,20210924,0.04,0.21,7,pLvL,1976,BIIB220121C00370000,370,5.4,0.043784,0.268383,Biogen Inc.,USD,149032992,43474411520.0,43474.41152,NMS,"43,474.41 MM",Large Cap,"IN(902) EQ(1,074)",576418.94,1.0,0,,20220121,1074,313296.53,0,19.855359,32
BIDU,156.57,20210924,20210924,0.45,0.25,4,p-vL,0,BIDU211217C00195000,195,2.06,0.042256,0.245449,Baidu Inc.,USD,348059008,54597214208.0,54597.214208,NMS,"54,597.21 MM",Large Cap,,0,1.0,40000,OP(--,400),20211217,0.0,0,0,
BKNG,2491.35,20210924,20210924,1,1.0,3,pHvH,0,BKNG211217C02900000,2900,23,0.031724,0.164028,Booking Holdings Inc.,USD,41059800,102294339584.0,102294.339584,NMS,"102,294.34 MM",Large Cap,,0,1.0,0,,20211217,0,0.0,0,19.664375,20
BLK,874.62,20210924,20210924,0.3,1.0,6,p-vH,0,BLK220121C00960000,960,14.2,0.044375,0.09762,BlackRock Inc.,USD,152196000,133113667584.0,133113.667584,NYQ,"133,113.67 MM",Large Cap,,0,1.0,0,,20220121,0,0.0,0,19.116369,23
BR,169.01,20210924,20210924,0.47,0.16,4,p-vL,0,BR211217C00190000,190,0.65,0.013684,0.124194,Broadridge Financial Solutions Inc.,USD,116168000,19633553408.0,19633.553408,NYQ,"19,633.55 MM",Large Cap,,0,1.0,0,,20211217,0,0.0,0,17.861764,18
BX,125.1,20210924,20210924,0.72,0.75,5,p-v-,0,BX211217C00140000,140,1.75,0.05,0.119105,Blackstone Inc.,USD,685948992,89487777792.0,89487.777792,NYQ,"89,487.78 MM",Large Cap,,0,1.0,0,,20211217,0,0.0,0,14.029022,21
CBOE,125.84,20210924,20210924,0.72,0.49,5,p-v-,8402,CBOE211217C00140000,140,1.4,0.04,0.112524,Cboe Global Markets Inc.,USD,106623000,13417438208.0,13417.438208,BTS,"13,417.44 MM",Large Cap,"IN(4,453) EQ(3,949)",1057307.65,1.0,0,,20211217,3949,496942.14,0,18.550299,24
CDLX,96.45,20210924,20210924,0.34,0.72,5,p-v-,0,CDLX211217C00140000,140,1.8,0.038571,0.451529,Cardlytics Inc.,USD,33040100,3186717440.0,3186.71744,NGM,"3,186.72 MM",Mid Cap,,0,1.0,0,,20211217,0,0.0,0,13.772455,2
CERN,72.98,20210924,20210924,0,1.0,9,pLvH,0,CERN211217C00075000,75,2,0.106667,0.027679,Cerner Corporation,USD,295585984,21571866624.0,21571.866624,NMS,"21,571.87 MM",Large Cap,,0,1.0,0,,20211217,0,0.0,0,19.363397,26
CL,76.63,20210924,20210924,0.06,0.95,9,pLvH,0,CL220121C00082500,82.5,0.8,0.029091,0.076602,Colgate-Palmolive Company,USD,843513024,64984768512.0,64984.768512,NYQ,"64,984.77 MM",Large Cap,,0,1.0,0,,20220121,0,0.0,0,16.76962,32
CME,198.01,20210924,20210924,0.44,0.98,6,p-vH,798,CME211217C00220000,220,1.3,0.023636,0.111055,CME Group Inc.,USD,359135008,71112908800.0,71112.9088,NMS,"71,112.91 MM",Large Cap,EQ(798),158011.98,1.0,0,,20211217,798,158011.98,0,18.059264,27
CMG,1937.22,20210924,20210924,0.98,0.0,1,pHvL,0,CMG211217C02300000,2300,8.5,0.014783,0.187268,Chipotle Mexican Grill Inc.,USD,28094900,54426001408.0,54426.001408,NYQ,"54,426.00 MM",Large Cap,,0,1.0,0,,20211217,0,0.0,0,19.719232,29
COIN,231.82,20210924,20210924,0.19,0.62,8,pLv-,4596,COIN211217C00320000,320,3.1,0.03875,0.380381,Coinbase Global Inc.,USD,141790000,60713660416.0,60713.660416,NMS,"60,713.66 MM",Large Cap,"IN(1,640) EQ(2,956)",1065444.75,1.0,5000,EQ(--50),20211217,2956,685259.94,5000,,
COTY,8.01,20210924,20210924,0.12,1.0,9,pLvH,191603,COTY220121C00011000,11,0.2,0.054545,0.373283,Coty Inc.,USD,816065984,6536688640.0,6536.68864,NYQ,"6,536.69 MM",Mid Cap,"OP(191,603)",1534740.03,1.0,0,,20220121,0,0.0,0,19.375574,25
CRM,285.63,20210924,20210924,1,0.86,3,pHvH,6552,CRM211217C00330000,330,3,0.036364,0.155341,salesforce.com inc.,USD,979000000,279631790080.0,279631.79008,NYQ,"279,631.79 MM",Large Cap,"IN(3,119) EQ(3,433)",1871447.79,1.0,-6500,IN(-31) EQ(-34),20211217,3433,980567.81,-3400,19.432348,33
CSU.TO,2177.54,20210924,20210924,0.87,0.86,3,pHvH,438,,,,,,Constellation Software Inc.,CAD,21191500,46145339392.0,36472.762719,TOR,"46,145.34 MM",Large Cap,IN(199) EQ(239),753843.3,1.2652,0,,,239,411343.72,0,,
CTVA,42.31,20210924,20210924,0.29,0.73,5,p-v-,18698,CTVA211217C00047000,47,0.6,0.051064,0.110848,Corteva Inc.,USD,734185024,31063369728.0,31063.369728,NYQ,"31,063.37 MM",Large Cap,"IN(10,050) EQ(8,648)",791112.4,1.0,0,,20211217,8648,365896.89,0,19.840208,6
DB1.DE,143.85,20210924,20210924,0.37,0.09,4,p-vL,7828,,,,,,Deutsche Börse AG,EUR,183520992,26399496192.0,30934.492843,GER,"26,399.50 MM",Large Cap,"IN(4,198) EQ(3,630)",1319495.95,0.8534,0,,,3630,611876.64,0,,
DD,68.25,20210924,20210924,0.08,0.44,8,pLv-,0,DD220121C00077500,77.5,0.84,0.032516,0.135531,DuPont de Nemours Inc.,USD,523056992,35698638848.0,35698.638848,NYQ,"35,698.64 MM",Large Cap,,0,1.0,0,,20220121,0,0.0,0,14.854513,5
DEC.PA,21.62,20210924,20210924,0.22,0.48,8,pLv-,0,,,,,,JCDecaux SA,EUR,212835008,4601492992.0,5391.953354,PAR,"4,601.49 MM",Mid Cap,,0,0.8534,0,,,0,0.0,0,,
DHR,324.5,20210924,20210924,0.85,0.23,1,pHvL,0,DHR211217C00380000,380,1.25,0.013158,0.171032,Danaher Corporation,USD,713900032,231660552192.0,231660.552192,NYQ,"231,660.55 MM",Large Cap,,0,1.0,0,,20211217,0,0.0,0,19.556558,17
DIS,176.0,20210924,20210924,0.33,0.86,6,p-vH,0,DIS211217C00195000,195,1.88,0.038564,0.107955,The Walt Disney Company,USD,1817129984,319814893568.0,319814.893568,NYQ,"319,814.89 MM",Large Cap,,0,1.0,0,,20211217,0,0.0,0,19.840211,44
DPZ,489.84,20210924,20210924,0.29,0.0,4,p-vL,0,DPZ211217C00560000,560,3.8,0.027143,0.14323,Domino's Pizza Inc.,USD,36854200,18052661248.0,18052.661248,NYQ,"18,052.66 MM",Large Cap,,0,1.0,0,,20211217,0,0.0,0,18.343194,24
DUFN.SW,49.8,20210924,20210924,0.86,0.0,1,pHvL,0,,,,,,Dufry AG,CHF,90785696,4521127424.0,4891.777397,EBS,"4,521.13 MM",Mid Cap,,0,0.9242,0,,,0,0.0,0,,
DXCM,560.74,20210924,20210924,0.91,0.39,2,pHv-,0,DXCM211217C00730000,730,1.55,0.008493,0.301851,DexCom Inc.,USD,96748896,54250975232.0,54250.975232,NMS,"54,250.98 MM",Large Cap,,0,1.0,0,,20211217,0,0.0,0,24.367802,16
ECL,223.77,20210924,20210924,0.72,0.24,4,p-vL,0,ECL220121C00250000,250,2.05,0.0246,0.117219,Ecolab Inc.,USD,285936992,64017690624.0,64017.690624,NYQ,"64,017.69 MM",Large Cap,,0,1.0,0,,20220121,0,0.0,0,19.7411,25
EDU,1.87,20210924,20210924,0.04,0.0,7,pLvL,964866,EDU211217C00005000,5,0.05,0.04,1.673797,New Oriental Education & Technology Group Inc.,USD,1701660032,3219485696.0,3219.485696,NYQ,"3,219.49 MM",Mid Cap,"IN(174,984) OP(632,447) EQ(157,435)",1804299.42,1.0,0,,20211217,157435,294403.45,0,,
EFX,265.5,20210924,20210924,0.57,0.36,5,p-v-,0,EFX220121C00290000,290,5.8,0.04,0.092279,Equifax Inc.,USD,121837000,32347723776.0,32347.723776,NYQ,"32,347.72 MM",Large Cap,,0,1.0,0,,20220121,0,0.0,0,18.563684,21
EL,320.65,20210924,20210924,0.3,0.16,4,p-vL,0,EL220121C00370000,370,2.25,0.018243,0.153906,The Estée Lauder Companies Inc.,USD,233044992,115846676480.0,115846.67648,NYQ,"115,846.68 MM",Large Cap,,0,1.0,0,,20220121,0,0.0,0,18.579206,23
EMR,96.31,20210924,20210924,0.24,0.9,9,pLvH,0,EMR211217C00105000,105,1.05,0.04,0.090229,Emerson Electric Co.,USD,597800000,57574117376.0,57574.117376,NYQ,"57,574.12 MM",Large Cap,,0,1.0,0,,20211217,0,0.0,0,19.736577,25
ETSY,222.85,20210924,20210924,0.92,0.72,2,pHv-,4117,ETSY211217C00300000,300,2.52,0.0336,0.346197,Etsy Inc.,USD,126577000,28207685632.0,28207.685632,NMS,"28,207.69 MM",Large Cap,"IN(2,045) EQ(2,072)",917473.47,1.0,0,,20211217,2072,461745.21,0,18.231258,14
EVD.DE,64.0,20210924,20210924,1,1.0,3,pHvH,0,,,,,,CTS Eventim AG & Co. KGaA,EUR,95991296,6143442944.0,7198.784795,GER,"6,143.44 MM",Mid Cap,,0,0.8534,0,,,0,0.0,0,,
EXPN.L,3281.0,20210924,20210924,0.97,1.0,3,pHvH,0,,,,,,Experian plc,GBp,922334016,30261780480.0,30261.78048,LSE,"30,261.78 MM",Large Cap,,0,1.0,0,,,0,0.0,0,,
FAST,54.1,20210924,20210924,0.4,0.19,4,p-vL,0,FAST220121C00059600,59.6,0.65,0.032718,0.101664,Fastenal Company,USD,574739008,31093379072.0,31093.379072,NMS,"31,093.38 MM",Large Cap,,0,1.0,0,,20220121,0,0.0,0,17.9941,23
FB,352.96,20210924,20210924,0.35,0.29,5,p-v-,4081,FB211217C00400000,400,4.05,0.0405,0.133273,Facebook Inc.,USD,2147483647,995149545472.0,995149.545472,NMS,"995,149.55 MM",Large Cap,"IN(2,122) EQ(1,959)",1440429.72,1.0,-4000,IN(-21) EQ(-19),20211217,1959,691448.62,-1900,18.006388,48
FLT,267.11,20210924,20210924,1,0.04,1,pHvL,3976,FLT220121C00270000,270,14.4,0.106667,0.01082,FLEETCOR Technologies Inc.,USD,82604096,22064377856.0,22064.377856,NYQ,"22,064.38 MM",Large Cap,"IN(2,020) EQ(1,956)",1062029.3,1.0,0,,20220121,1956,522467.13,0,17.214971,21
FMX,88.52,20210924,20210924,0.87,0.92,3,pHvH,0,FMX220121C00090000,90,3,0.066667,0.016719,Fomento Económico Mexicano S.A.B. de C.V.,USD,357823008,31674490880.0,31674.49088,NYQ,"31,674.49 MM",Large Cap,,0,1.0,0,,20220121,0,0.0,0,19.792365,23
FTDR,42.32,20210924,20210924,0.11,0.66,8,pLv-,13939,FTDR220121C00045000,45,1.7,0.113333,0.063327,Frontdoor Inc.,USD,85747104,3628817408.0,3628.817408,NMS,"3,628.82 MM",Mid Cap,"IN(7,965) EQ(5,974)",589898.48,1.0,0,,20220121,5974,252819.68,0,19.172796,5
FTV,73.26,20210924,20210924,0.65,0.82,6,p-vH,0,FTV211217C00085000,85,0.25,0.011765,0.160251,Fortive Corporation,USD,358391008,26255726592.0,26255.726592,NYQ,"26,255.73 MM",Large Cap,,0,1.0,0,,20211217,0,0.0,0,,
FUL,65.72,20210924,20210924,0.69,0.72,5,p-v-,0,FUL211119C00075000,75,0.2,0.016,0.141205,H.B. Fuller Company,USD,52534600,3452573952.0,3452.573952,NYQ,"3,452.57 MM",Mid Cap,,0,1.0,0,,20211119,0,0.0,0,19.968015,20
GDDY,71.12,20210924,20210924,0.1,0.69,8,pLv-,0,GDDY220121C00075000,75,3.2,0.128,0.054556,GoDaddy Inc.,USD,168830000,12034144256.0,12034.144256,NYQ,"12,034.14 MM",Large Cap,,0,1.0,0,,20220121,0,0.0,0,19.588612,22
GGG,73.49,20210924,20210924,0,0.45,8,pLv-,0,GGG211119C00085000,85,0.25,0.008824,0.15662,Graco Inc.,USD,169742000,12474339328.0,12474.339328,NYQ,"12,474.34 MM",Large Cap,,0,1.0,0,,20211119,0,0.0,0,18.330465,17
GOOGL,2844.3,20210924,20210924,0.85,0.29,2,pHv-,265,GOOGL211217C03150000,3150,26.9,0.034159,0.107478,Alphabet Inc.,USD,301084992,1900387762176.0,1900387.762176,NMS,"1,900,387.76 MM",Large Cap,IN(97) EQ(168),753739.51,1.0,0,,20211217,168,477842.41,0,19.278228,44
GRF.MC,21.97,20210924,20210924,0.84,0.23,1,pHvL,0,,,,,,Grifols S.A.,EUR,426129984,12788032512.0,14984.804912,MCE,"12,788.03 MM",Large Cap,,0,0.8534,0,,,0,0.0,0,,
GRMN,172.62,20210924,20210924,0.83,0.65,2,pHv-,59,GRMN220121C00175000,175,7.6,0.130286,0.013788,Garmin Ltd.,USD,192322000,33198622720.0,33198.62272,NMS,"33,198.62 MM",Large Cap,IN(59),10184.58,1.0,0,,20220121,0,0.0,0,17.817659,20
HEIA.AS,90.32,20210924,20210924,0.11,0.72,8,pLv-,6738,,,,,,Heineken N.V.,EUR,575740032,52000837632.0,60933.721153,AMS,"52,000.84 MM",Large Cap,"IN(4,108) EQ(2,630)",713119.48,0.8534,0,,,2630,278347.32,0,,
HHC,87.92,20210924,20210924,0.25,0.01,7,pLvL,0,HHC220121C00110000,110,0.5,0.009091,0.251137,The Howard Hughes Corporation,USD,55126300,4846704128.0,4846.704128,NYQ,"4,846.70 MM",Mid Cap,,0,1.0,0,,20220121,0,0.0,0,18.407868,22
HON,219.19,20210924,20210924,0.23,0.44,8,pLv-,0,HON211217C00240000,240,1.64,0.027333,0.09494,Honeywell International Inc.,USD,690398976,151328555008.0,151328.555008,NMS,"151,328.56 MM",Large Cap,,0,1.0,0,,20211217,0,0.0,0,13.12909,7
HUYA,8.34,20210924,20210924,0,0.46,8,pLv-,0,HUYA220121C00014000,14,0.15,0.032143,0.678657,HUYA Inc.,USD,237100000,1977414016.0,1977.414016,NYQ,"1,977.41 MM",Small Cap,,0,1.0,0,,20220121,0,0.0,0,,
ILMN,432.82,20210924,20210924,0,0.39,8,pLv-,0,ILMN211217C00560000,560,6.51,0.034875,0.29384,Illumina Inc.,USD,156500000,67736330240.0,67736.33024,NMS,"67,736.33 MM",Large Cap,,0,1.0,0,,20211217,0,0.0,0,19.457848,22
INFO,124.57,20210924,20210924,1,0.15,1,pHvL,0,INFO220121C00135000,135,1.75,0.038889,0.083728,IHS Markit Ltd.,USD,398612000,49655095296.0,49655.095296,NYQ,"49,655.10 MM",Large Cap,,0,1.0,0,,20220121,0,0.0,0,19.553669,18
INTU,577.92,20210924,20210924,1,0.0,1,pHvL,0,INTU211217C00640000,640,6.4,0.04,0.10742,Intuit Inc.,USD,273092000,157825318912.0,157825.318912,NMS,"157,825.32 MM",Large Cap,,0,1.0,0,,20211217,0,0.0,0,15.086836,23
IPGP,164.27,20210924,20210924,0.08,0.91,9,pLvH,0,IPGP220121C00170000,170,10.8,0.190588,0.034882,IPG Photonics Corporation,USD,53497000,8787952640.0,8787.95264,NMS,"8,787.95 MM",Mid Cap,,0,1.0,0,,20220121,0,0.0,0,17.267661,18
ISRG,1043.33,20210924,20210924,0.74,0.0,4,p-vL,0,ISRG220121C01200000,1200,20.7,0.05175,0.150163,Intuitive Surgical Inc.,USD,118991000,124146876416.0,124146.876416,NMS,"124,146.88 MM",Large Cap,,0,1.0,0,,20220121,0,0.0,0,19.608598,24
IT,324.69,20210924,20210924,1,0.78,3,pHvH,0,IT211217C00420000,420,1.25,0.011905,0.293542,Gartner Inc.,USD,83648800,27159928832.0,27159.928832,NYQ,"27,159.93 MM",Large Cap,,0,1.0,0,,20211217,0,0.0,0,17.069905,20
ITW,215.94,20210924,20210924,0.1,1.0,9,pLvH,0,ITW211217C00230000,230,2.5,0.043478,0.065111,Illinois Tool Works Inc.,USD,314968000,68014190592.0,68014.190592,NYQ,"68,014.19 MM",Large Cap,,0,1.0,0,,20211217,0,0.0,0,19.717855,26
JKHY,171.38,20210924,20210924,0.39,0.0,4,p-vL,4841,JKHY211217C00180000,180,3.5,0.058333,0.050298,Jack Henry & Associates Inc.,USD,74014000,12684519424.0,12684.519424,NMS,"12,684.52 MM",Large Cap,"IN(2,523) EQ(2,318)",829650.6,1.0,-4800,IN(-25) EQ(-23),20211217,2318,397258.85,-2300,17.947712,20
JNJ,164.36,20210924,20210924,0.04,0.75,8,pLv-,0,JNJ211217C00175000,175,1.44,0.032914,0.064736,Johnson & Johnson,USD,2147483647,432674406400.0,432674.4064,NYQ,"432,674.41 MM",Large Cap,,0,1.0,0,,20211217,0,0.0,0,18.261152,43
KOF,57.59,20210924,20210924,0.8,0.12,1,pHvL,0,KOF211119C00060000,60,0.65,0.065,0.041848,Coca-Cola FEMSA S.A.B. de C.V.,USD,210083008,12098680832.0,12098.680832,NYQ,"12,098.68 MM",Large Cap,,0,1.0,0,,20211119,0,0.0,0,15.955476,20
KRN.DE,87.4,20210924,20210924,0.81,0.25,1,pHvL,1081,,,,,,Krones AG,EUR,31593100,2761236992.0,3235.571821,GER,"2,761.24 MM",Mid Cap,"OP(1,081)",110709.4,0.8534,0,,,0,0.0,0,,
LIN,310.26,20210924,20210924,0.83,0.56,2,pHv-,0,LIN211217C00330000,330,4.7,0.05697,0.063624,Linde plc,USD,516411008,160221691904.0,160221.691904,NYQ,"160,221.69 MM",Large Cap,,0,1.0,0,,20211217,0,0.0,0,15.056912,5
LMT,349.52,20210924,20210924,0.32,0.96,6,p-vH,1786,LMT211217C00375000,375,3.2,0.034133,0.0729,Lockheed Martin Corporation,USD,276916000,96787677184.0,96787.677184,NYQ,"96,787.68 MM",Large Cap,"IN(774) EQ(1,012)",624242.7,1.0,0,,20211217,1012,353714.23,0,12.872354,27
LONN.SW,742.6,20210924,20210924,0.67,0.53,5,p-v-,0,,,,,,Lonza Group Ltd,CHF,74283104,55162630144.0,59684.959527,EBS,"55,162.63 MM",Large Cap,,0,0.9242,0,,,0,0.0,0,,
LYFT,55.86,20210924,20210924,0.92,0.13,1,pHvL,0,LYFT211217C00070000,70,0.97,0.055429,0.253133,Lyft Inc.,USD,326472000,18728404992.0,18728.404992,NMS,"18,728.40 MM",Large Cap,,0,1.0,0,,20211217,0,0.0,0,15.452931,8
MA,358.16,20210924,20210924,0.37,0.89,6,p-vH,0,MA211217C00395000,395,4.1,0.041519,0.102859,Mastercard Incorporated,USD,978828992,353423327232.0,353423.327232,NYQ,"353,423.33 MM",Large Cap,,0,1.0,0,,20211217,0,0.0,0,18.590466,29
MANU,19.97,20210924,20210924,1,1.0,3,pHvH,0,MANU211217C00023000,23,0.25,0.043478,0.151728,Manchester United plc,USD,43286800,3254990080.0,3254.99008,NYQ,"3,254.99 MM",Mid Cap,,0,1.0,0,,20211217,0,0.0,0,19.617225,22
MCHP,165.3,20210924,20210924,1,1.0,3,pHvH,0,MCHP220121C00195000,195,2.35,0.036154,0.179673,Microchip Technology Incorporated,USD,274040000,45298810880.0,45298.81088,NMS,"45,298.81 MM",Large Cap,,0,1.0,0,,20220121,0,0.0,0,18.46002,25
MCO,376.27,20210924,20210924,0.43,0.04,4,p-vL,0,MCO211217C00450000,450,0.8,0.007111,0.19595,Moody's Corporation,USD,186200000,70061473792.0,70061.473792,NYQ,"70,061.47 MM",Large Cap,,0,1.0,0,,20211217,0,0.0,0,15.811709,21
MDLZ,60.36,20210924,20210924,0.06,1.0,9,pLvH,0,MDLZ211217C00065000,65,0.35,0.021538,0.076872,Mondelez International Inc.,USD,1397820032,84372414464.0,84372.414464,NMS,"84,372.41 MM",Large Cap,,0,1.0,0,,20211217,0,0.0,0,18.019567,34
ME,9.28,20210924,20210924,0.77,0.0,1,pHvL,117375,ME211217C00015000,15,0.15,0.04,0.616379,23andMe Holding Co.,USD,93026600,3774973696.0,3774.973696,NMS,"3,774.97 MM",Mid Cap,"IN(55,742) EQ(61,633)",1089240,1.0,0,,20211217,61633,571954.24,0,,
MELI,1869.62,20210924,20210924,0.82,0.7,2,pHv-,622,MELI211217C02300000,2300,24.2,0.042087,0.230197,MercadoLibre Inc.,USD,49711600,92941803520.0,92941.80352,NMS,"92,941.80 MM",Large Cap,IN(353) EQ(269),1162903.64,1.0,0,,20211217,269,502927.78,0,19.155873,21
MKTX,424.0,20210924,20210924,0.03,1.0,9,pLvH,0,MKTX211119C00580000,580,4.8,0.033103,0.367925,MarketAxess Holdings Inc.,USD,38000400,16112169984.0,16112.169984,NMS,"16,112.17 MM",Large Cap,,0,1.0,0,,20211119,0,0.0,0,18.286168,18
MLM,351.0,20210924,20210924,0.23,0.92,9,pLvH,0,MLM211217C00400000,400,3.3,0.033,0.139601,Martin Marietta Materials Inc.,USD,62377300,21894432768.0,21894.432768,NYQ,"21,894.43 MM",Large Cap,,0,1.0,0,,20211217,0,0.0,0,16.917446,19
MMM,181.04,20210924,20210924,0.12,1.0,9,pLvH,0,MMM220121C00200000,200,2.18,0.0327,0.104728,3M Company,USD,578638016,104756625408.0,104756.625408,NYQ,"104,756.63 MM",Large Cap,,0,1.0,0,,20220121,0,0.0,0,17.014543,40
MRNA,430.14,20210924,20210924,0.73,0.24,4,p-vL,441,MRNA220121C00640000,640,8,0.0375,0.487888,Moderna Inc.,USD,403646016,173624295424.0,173624.295424,NMS,"173,624.30 MM",Large Cap,EQ(441),189691.75,1.0,0,,20220121,441,189691.75,0,,
MSCI,661.37,20210924,20210924,1,0.0,1,pHvL,0,MSCI211217C00740000,740,8.9,0.036081,0.11889,MSCI Inc.,USD,82442304,54524866560.0,54524.86656,NYQ,"54,524.87 MM",Large Cap,,0,1.0,0,,20211217,0,0.0,0,15.379398,15
MSFT,299.35,20210924,20210924,0.8,0.0,1,pHvL,3441,MSFT211217C00320000,320,4.2,0.0525,0.068983,Microsoft Corporation,USD,2147483647,2249582444544.0,2249582.444544,NMS,"2,249,582.44 MM",Large Cap,"IN(1,732) EQ(1,709)",1030063.37,1.0,0,,20211217,1709,511589.16,0,19.607002,58
MSGN,,,,,,,,0,,,,,,,,,,,,,,,0,1.0,0,,,0,0.0,0,19.760484,14
MTB,143.26,20210924,20210924,1,0.03,1,pHvL,0,MTB220121C00165000,165,2.2,0.04,0.151752,M&T Bank Corporation,USD,128678000,18434410496.0,18434.410496,NYQ,"18,434.41 MM",Large Cap,,0,1.0,0,,20220121,0,0.0,0,15.012109,23
MTN,351.85,20210924,20210924,1,0.96,3,pHvH,0,MTN220121C00390000,390,7.5,0.057692,0.108427,Vail Resorts Inc.,USD,40268300,14180364288.0,14180.364288,NYQ,"14,180.36 MM",Large Cap,,0,1.0,0,,20220121,0,0.0,0,17.448655,22
MTX.DE,198.9,20210924,20210924,0.44,0.9,6,p-vH,9999,,,,,,MTU Aero Engines AG,EUR,53238600,10589157376.0,12408.199409,GER,"10,589.16 MM",Large Cap,"IN(2,974) OP(4,247) EQ(2,778)",2330444.15,0.8534,0,,,2778,647462.13,0,,
NDSN,243.89,20210924,20210924,0.96,1.0,3,pHvH,0,NDSN211217C00270000,270,2.4,0.035556,0.107056,Nordson Corporation,USD,58114600,14173570048.0,14173.570048,NMS,"14,173.57 MM",Large Cap,,0,1.0,0,,20211217,0,0.0,0,19.443292,20
NOK,5.58,20210924,20210924,0.24,0.12,7,pLvL,0,NOK211217C00007000,7,0.09,0.051429,0.25448,Nokia Corporation,USD,2147483647,31585757184.0,31585.757184,NYQ,"31,585.76 MM",Large Cap,,0,1.0,0,,20211217,0,0.0,0,,
NTES,81.34,20210924,20210924,0.08,0.75,8,pLv-,0,NTES211217C00105000,105,1.1,0.041905,0.290878,NetEase Inc.,USD,670980992,54640467968.0,54640.467968,NMS,"54,640.47 MM",Large Cap,,0,1.0,0,,20211217,0,0.0,0,18.004649,21
NVDA,220.81,20210924,20210924,0.84,0.4,2,pHv-,0,NVDA211217C00267500,267.5,2.77,0.041421,0.211449,NVIDIA Corporation,USD,2147483647,550258540544.0,550258.540544,NMS,"550,258.54 MM",Large Cap,,0,1.0,0,,20211217,0,0.0,0,19.799608,25
OI,13.72,20210924,20210924,0,0.01,7,pLvL,0,OI211217C00017000,17,0.25,0.044118,0.239067,O-I Glass Inc.,USD,157284000,2157936640.0,2157.93664,NYQ,"2,157.94 MM",Mid Cap,,0,1.0,0,,20211217,0,0.0,0,12.936345,20
OTIS,84.86,20210924,20210924,0.28,0.14,4,p-vL,0,OTIS211217C00095000,95,0.65,0.027368,0.119491,Otis Worldwide Corporation,USD,426779008,36216467456.0,36216.467456,NYQ,"36,216.47 MM",Large Cap,,0,1.0,0,,20211217,0,0.0,0,27.551023,2
PANW,490.47,20210924,20210924,1,1.0,3,pHvH,0,PANW211217C00560000,560,5.9,0.042143,0.141762,Palo Alto Networks Inc.,USD,97406096,47774769152.0,47774.769152,NYQ,"47,774.77 MM",Large Cap,,0,1.0,0,,20211217,0,0.0,0,18.81,22
PAYX,109.98,20210924,20210924,0.16,0.1,7,pLvL,0,PAYX211217C00120000,120,0.75,0.025,0.091107,Paychex Inc.,USD,360620000,39660990464.0,39660.990464,NMS,"39,660.99 MM",Large Cap,,0,1.0,0,,20211217,0,0.0,0,16.23402,25
PDD,94.55,20210924,20210924,0.6,0.08,4,p-vL,5253,PDD220121C00135000,135,1.8,0.04,0.427816,Pinduoduo Inc.,USD,1253289984,118498574336.0,118498.574336,NMS,"118,498.57 MM",Large Cap,"EQ(5,253)",496671.17,1.0,0,,20220121,5253,496671.17,0,,
PEP,154.2,20210924,20210924,0.25,0.0,7,pLvL,786,PEP211217C00160000,160,1.99,0.04975,0.037613,PepsiCo Inc.,USD,1382109952,213121351680.0,213121.35168,NMS,"213,121.35 MM",Large Cap,IN(748) EQ(38),121201.2,1.0,-700,IN(-7),20211217,38,5859.6,0,18.106659,34
PFPT,0.0,20210923,20210923,0,1.0,9,pLvH,0,,,,,,,,,,,,,,,0,1.0,0,,,0,0.0,0,18.764846,19
PH,287.84,20210924,20210924,0.27,0.7,5,p-v-,0,PH211119C00380000,380,3.28,0.034526,0.320178,Parker-Hannifin Corporation,USD,129101000,37160431616.0,37160.431616,NYQ,"37,160.43 MM",Large Cap,,0,1.0,0,,20211119,0,0.0,0,19.23945,21
PLAY,41.58,20210924,20210924,1,0.15,1,pHvL,44935,PLAY211217C00060000,60,0.46,0.023,0.443001,Dave & Buster's Entertainment Inc.,USD,48256400,2006501248.0,2006.501248,NMS,"2,006.50 MM",Mid Cap,"OP(44,935)",1868397.39,1.0,0,,20211217,0,0.0,0,19.846593,18
PXD,162.03,20210924,20210924,1,0.15,1,pHvL,0,PXD211217C00190000,190,1.6,0.033684,0.172622,Pioneer Natural Resources Company,USD,243959008,39528677376.0,39528.677376,NYQ,"39,528.68 MM",Large Cap,,0,1.0,0,,20211217,0,0.0,0,16.848031,26
PYPL,278.11,20210924,20210924,0.23,0.0,7,pLvL,0,PYPL211217C00320000,320,2.62,0.03275,0.150624,PayPal Holdings Inc.,USD,1175030016,326787596288.0,326787.596288,NMS,"326,787.60 MM",Large Cap,,0,1.0,0,,20211217,0,0.0,0,19.130345,25
RACE,217.46,20210924,20210924,0.61,0.14,4,p-vL,0,RACE211217C00240000,240,2.7,0.045,0.103651,Ferrari N.V.,USD,184204992,53404045312.0,53404.045312,NYQ,"53,404.05 MM",Large Cap,,0,1.0,0,,20211217,0,0.0,0,19.482711,24
RADL3.SA,25.38,20210924,20210924,0.13,0.01,7,pLvL,0,,,,,,Raia Drogasil S.A.,BRL,1650160000,41881059328.0,7846.274487,SAO,"41,881.06 MM",Large Cap,,0,5.3377,0,,,0,0.0,0,,
RBLX,83.22,20210924,20210924,0.5,0.0,4,p-vL,14029,RBLX211217C00115000,115,1.13,0.039304,0.381879,Roblox Corporation,USD,521564992,47864152064.0,47864.152064,NYQ,"47,864.15 MM",Large Cap,"IN(6,439) EQ(7,590)",1167493.39,1.0,15500,EQ(--,155),20211217,7590.0,631639.81,15500,
REAL,13.59,20210924,20210924,0.34,0.05,4,p-vL,187325,REAL220121C00020000,20,0.6,0.09,0.47167,The RealReal Inc.,USD,91567504,1244402432.0,1244.402432,NMS,"1,244.40 MM",Small Cap,"IN(17,888) OP(150,054) EQ(19,383)",2545746.75,1.0,0,,20220121,19383,263414.97,0,16.009281,3
RGEN,323.26,20210924,20210924,0.99,0.98,3,pHvH,0,RGEN211217C00420000,420,2.65,0.025238,0.299264,Repligen Corporation,USD,54977200,17771929600.0,17771.9296,NMS,"17,771.93 MM",Large Cap,,0,1.0,0,,20211217,0,0.0,0,19.760472,12
RH,686.68,20210924,20210924,0.4,0.05,4,p-vL,1642,RH211217C00860000,860,7.6,0.035349,0.252403,RH,USD,21413600,14704290816.0,14704.290816,NYQ,"14,704.29 MM",Large Cap,IN(661) EQ(981),1127528.55,1.0,0,,20211217,981,673633.07,0,19.345983,20
RI.PA,191.4,20210924,20210924,0.97,1.0,3,pHvH,344,,,,,,Pernod Ricard SA,EUR,260911008,49938366464.0,58516.951563,PAR,"49,938.37 MM",Large Cap,EQ(344),77152.1,0.8534,0,,,344,77152.1,0,,
ROK,302.57,20210924,20210924,0.35,0.0,4,p-vL,0,ROK211217C00330000,330,3.7,0.044848,0.090657,Rockwell Automation Inc.,USD,116026000,35105988608.0,35105.988608,NYQ,"35,105.99 MM",Large Cap,,0,1.0,0,,20211217,0,0.0,0,17.895766,21
ROP,466.0,20210924,20210924,0.2,0.26,8,pLv-,1617,ROP211119C00530000,530,1.85,0.017453,0.137339,Roper Technologies Inc.,USD,105424000,49127583744.0,49127.583744,NYQ,"49,127.58 MM",Large Cap,IN(773) EQ(844),753522,1.0,0,,20211119,844,393304.0,0,18.948824,21
RPM,79.22,20210924,20210924,0.12,0.96,9,pLvH,0,RPM211119C00085000,85,0.5,0.035294,0.072961,RPM International Inc.,USD,129772000,10280538112.0,10280.538112,NYQ,"10,280.54 MM",Large Cap,,0,1.0,0,,20211119,0,0.0,0,18.305007,17
RTX,87.16,20210924,20210924,0.88,0.48,2,pHv-,0,RTX220121C00095000,95,1.39,0.043895,0.08995,Raytheon Technologies Corporation,USD,1507879936,131426820096.0,131426.820096,NYQ,"131,426.82 MM",Large Cap,,0,1.0,0,,20220121,0,0.0,0,15.416319,3
SABR,12.2,20210924,20210924,1,0.04,1,pHvL,107729,SABR211217C00016000,16,0.2,0.05,0.311475,Sabre Corporation,USD,322656992,3936415232.0,3936.415232,NMS,"3,936.42 MM",Mid Cap,"OP(107,729)",1314293.8,1.0,0,,20211217,0,0.0,0,19.645848,13
SAM,514.59,20210924,20210924,0,0.55,8,pLv-,0,SAM211217C00660000,660,6.9,0.041818,0.282574,The Boston Beer Company Inc.,USD,10203800,6320091648.0,6320.091648,NYQ,"6,320.09 MM",Mid Cap,,0,1.0,0,,20211217,0,0.0,0,16.585185,18
SBUX,114.11,20210924,20210924,0.17,0.31,8,pLv-,0,SBUX211217C00125000,125,1.08,0.03456,0.095434,Starbucks Corporation,USD,1179100032,134547103744.0,134547.103744,NMS,"134,547.10 MM",Large Cap,,0,1.0,0,,20211217,0,0.0,0,19.783622,33
SFER.MI,17.92,20210924,20210924,0.49,0.24,4,p-vL,0,,,,,,Salvatore Ferragamo S.p.A.,EUR,168640000,3022871808.0,3542.151169,MIL,"3,022.87 MM",Mid Cap,,0,0.8534,0,,,0,0.0,0,,
SHOP,1444.0,20210924,20210924,0.05,0.03,7,pLvL,0,SHOP211217C01780000,1780,17.3,0.038876,0.232687,Shopify Inc.,USD,113224000,178196824064.0,178196.824064,NYQ,"178,196.82 MM",Large Cap,,0,1.0,0,,20211217,0,0.0,0,18.763409,15
SHW,291.8,20210924,20210924,0.4,0.37,5,p-v-,0,SHW211217C00320000,320,2.55,0.031875,0.096642,The Sherwin-Williams Company,USD,263302000,76831522816.0,76831.522816,NYQ,"76,831.52 MM",Large Cap,,0,1.0,0,,20211217,0,0.0,0,18.230763,22
SMWH.L,1712.0,20210924,20210924,0.99,0.73,2,pHv-,0,,,,,,WH Smith PLC,GBp,130909000,2241162240.0,2241.16224,LSE,"2,241.16 MM",Mid Cap,,0,1.0,0,,,0,0.0,0,,
SNPS,321.94,20210924,20210924,0.75,0.9,3,pHvH,0,SNPS211217C00350000,350,4.2,0.048,0.087159,Synopsys Inc.,USD,152503008,49096818688.0,49096.818688,NMS,"49,096.82 MM",Large Cap,,0,1.0,0,,20211217,0,0.0,0,19.080336,19
SONO,35.97,20210924,20210924,0.41,0.94,6,p-vH,0,SONO211217C00050000,50,0.41,0.0328,0.390047,Sonos Inc.,USD,125771000,4523982848.0,4523.982848,NMS,"4,523.98 MM",Mid Cap,,0,1.0,0,,20211217,0,0.0,0,15.740741,3
SPGI,453.08,20210924,20210924,0.98,0.0,1,pHvL,0,SPGI220121C00500000,500,6.9,0.0414,0.103558,S&P Global Inc.,USD,241000000,109192273920.0,109192.27392,NYQ,"109,192.27 MM",Large Cap,,0,1.0,0,,20220121,0,0.0,0,18.757004,20
SPOT,230.2,20210924,20210924,0.51,0.09,4,p-vL,0,SPOT220121C00290000,290,4.1,0.042414,0.259774,Spotify Technology S.A.,USD,191356000,44050149376.0,44050.149376,NYQ,"44,050.15 MM",Large Cap,,0,1.0,0,,20220121,0,0.0,0,16.163295,8
SPLK,151.12,20210924,20210924,0.7,0.2,4,p-vL,0,SPLK211217C00185000,185,1.51,0.032649,0.224193,Splunk Inc.,USD,161546000,24412831744.0,24412.831744,NMS,"24,412.83 MM",Large Cap,,0,1.0,0,,20211217,0,0.0,0,,
SQ,262.5,20210924,20210924,0.6,0.0,4,p-vL,0,SQ211217C00320000,320,3.4,0.0425,0.219048,Square Inc.,USD,397396000,120670724096.0,120670.724096,NYQ,"120,670.72 MM",Large Cap,,0,1.0,0,,20211217,0,0.0,0,18.845506,14
STZ,212.62,20210924,20210924,0.21,0.0,7,pLvL,0,STZ220121C00235000,235,3.3,0.042128,0.105258,Constellation Brands Inc.,USD,168251008,40808579072.0,40808.579072,NYQ,"40,808.58 MM",Large Cap,,0,1.0,0,,20220121,0,0.0,0,16.604476,23
SWKS,172.65,20210924,20210924,0.09,0.24,7,pLvL,0,SWKS220121C00200000,200,3,0.045,0.158413,Skyworks Solutions Inc.,USD,165144992,28512282624.0,28512.282624,NMS,"28,512.28 MM",Large Cap,,0,1.0,0,,20220121,0,0.0,0,19.637672,24
SWMA.ST,79.96,20210924,20210924,0.69,0.77,6,p-vH,92282,,,,,,Swedish Match AB (publ),SEK,1565229952,125155786752.0,14472.892681,STO,"125,155.79 MM",Large Cap,"IN(47,002) EQ(45,280)",853285.15,8.6476,0,,,45280,418681.34,0,,
SYK,276.64,20210924,20210924,0.89,0.98,3,pHvH,0,SYK211217C00300000,300,2.8,0.037333,0.084442,Stryker Corporation,USD,377096000,104319844352.0,104319.844352,NYQ,"104,319.84 MM",Large Cap,,0,1.0,0,,20211217,0,0.0,0,18.381399,26
TAL,4.52,20210924,20210924,0.01,0.0,7,pLvL,509421,TAL220121C00012500,12.5,0.2,0.048,1.765487,TAL Education Group,USD,644881024,2914862336.0,2914.862336,NYQ,"2,914.86 MM",Mid Cap,"IN(78,037) OP(377,468) EQ(53,916)",2302582.92,1.0,606000,OP(--5,100) EQ(--,960),20220121.0,53916,243700.32,96000
TCOM,29.07,20210924,20210924,0.61,0.0,4,p-vL,10338,TCOM211217C00037000,37,0.4,0.043243,0.27279,Trip.com Group Limited,USD,637456000,18588608512.0,18588.608512,NMS,"18,588.61 MM",Large Cap,"IN(10,338)",300525.66,1.0,-10300,IN(-103),20211217,0,0.0,0,18.926266,4
TOD.MI,46.18,20210924,20210924,0.14,0.15,7,pLvL,0,,,,,,TOD'S S.p.A.,EUR,33093500,1528257792.0,1790.787195,MIL,"1,528.26 MM",Small Cap,,0,0.8534,0,,,0,0.0,0,,
TRUL.CN,36.86,20210924,20210924,0.42,0.7,5,p-v-,0,,,,,,Trulieve Cannabis Corp.,CAD,70521600,6825181696.0,5394.547657,CNQ,"6,825.18 MM",Mid Cap,,0,1.2652,0,,,0,0.0,0,,
TSLA,774.39,20210924,20210924,1,0.93,3,pHvH,0,TSLA211217C00950000,950,9.65,0.040632,0.226772,Tesla Inc.,USD,1001769984,775760642048.0,775760.642048,NMS,"775,760.64 MM",Large Cap,,0,1.0,0,,20211217,0,0.0,0,19.981025,35
TYL,482.51,20210924,20210924,0.59,0.05,4,p-vL,0,TYL211217C00540000,540,3.5,0.025926,0.119148,Tyler Technologies Inc.,USD,40843400,19707348992.0,19707.348992,NYQ,"19,707.35 MM",Large Cap,,0,1.0,0,,20211217,0,0.0,0,18.88326,19
UBER,46.63,20210924,20210924,0.9,0.48,2,pHv-,33036,UBER211217C00060000,60,0.56,0.037333,0.286725,Uber Technologies Inc.,USD,1884349952,87867236352.0,87867.236352,NYQ,"87,867.24 MM",Large Cap,"IN(15,355) EQ(17,681)",1540468.71,1.0,0,,20211217,17681,824465.05,0,16.163296,4
UNP,203.8,20210924,20210924,0.24,1.0,9,pLvH,0,UNP211217C00220000,220,2.37,0.043091,0.07949,Union Pacific Corporation,USD,652123008,132902674432.0,132902.674432,NYQ,"132,902.67 MM",Large Cap,,0,1.0,0,,20211217,0,0.0,0,19.047617,39
URI,356.51,20210924,20210924,0.92,0.5,2,pHv-,0,URI211217C00420000,420,4.8,0.045714,0.178088,United Rentals Inc.,USD,72390096,25807794176.0,25807.794176,NYQ,"25,807.79 MM",Large Cap,,0,1.0,0,,20211217,0,0.0,0,17.945925,19
V,231.59,20210924,20210924,0.38,0.89,6,p-vH,4447,V211217C00250000,250,3,0.048,0.079494,Visa Inc.,USD,1687640064,508198780928.0,508198.780928,NYQ,"508,198.78 MM",Large Cap,"IN(2,132) EQ(2,315)",1029880.71,1.0,-3100,IN(-17) EQ(-14),20211217,2315,536130.84,-1400,18.603864,34
VNET,17.67,20210924,20210924,0.4,0.0,4,p-vL,0,VNET211217C00025000,25,0.2,0.032,0.414827,21Vianet Group Inc.,USD,143680000,2538825728.0,2538.825728,NMS,"2,538.83 MM",Mid Cap,,0,1.0,0,,20211217,0,0.0,0,,
VRSK,207.97,20210924,20210924,0.96,0.88,3,pHvH,0,VRSK211217C00230000,230,1.15,0.02,0.105929,Verisk Analytics Inc.,USD,161350000,33555959808.0,33555.959808,NMS,"33,555.96 MM",Large Cap,,0,1.0,0,,20211217,0,0.0,0,17.24053,22
VRSN,217.77,20210924,20210924,0.37,0.28,5,p-v-,0,VRSN211217C00240000,240,1.75,0.029167,0.10208,VeriSign Inc.,USD,111874000,24362801152.0,24362.801152,NMS,"24,362.80 MM",Large Cap,,0,1.0,0,,20211217,0,0.0,0,17.736902,26
WAT,393.58,20210924,20210924,0.5,0.0,4,p-vL,0,WAT211217C00440000,440,5.2,0.047273,0.117943,Waters Corporation,USD,61363400,24151406592.0,24151.406592,NYQ,"24,151.41 MM",Large Cap,,0,1.0,0,,20211217,0,0.0,0,18.133489,20
WDAY,268.43,20210924,20210924,0.82,1.0,3,pHvH,5471,WDAY211217C00310000,310,3.6,0.046452,0.154863,Workday Inc.,USD,189000000,66570637312.0,66570.637312,NMS,"66,570.64 MM",Large Cap,"IN(2,299) EQ(3,172)",1468580.49,1.0,-4300,IN(-18) EQ(-25),20211217,3172,851459.94,-2500,18.43172,23
WYNN,82.88,20210924,20210924,0.13,0.18,7,pLvL,0,WYNN211217C00110000,110,1.3,0.047273,0.32722,Wynn Resorts Limited,USD,115672000,9586894848.0,9586.894848,NMS,"9,586.89 MM",Mid Cap,,0,1.0,-5800,EQ(-58),20211217,0,0.0,-5800,19.72138,22
XRAY,60.01,20210924,20210924,0.21,0.73,8,pLv-,0,XRAY220121C00067500,67.5,1.1,0.048889,0.124813,DENTSPLY SIRONA Inc.,USD,218551008,13115245568.0,13115.245568,NMS,"13,115.25 MM",Large Cap,,0,1.0,0,,20220121,0,0.0,0,16.050709,21
YUM,125.52,20210924,20210924,0.58,0.6,5,p-v-,0,YUM220121C00135000,135,2.1,0.046667,0.075526,Yum! Brands Inc.,USD,295647008,37109612544.0,37109.612544,NYQ,"37,109.61 MM",Large Cap,,0,1.0,0,,20220121,0,0.0,0,19.21535,19
ZTS,204.73,20210924,20210924,0.6,0.0,4,p-vL,0,ZTS220121C00230000,230,2.05,0.026739,0.123431,Zoetis Inc.,USD,473944000,97303257088.0,97303.257088,NYQ,"97,303.26 MM",Large Cap,,0,1.0,0,,20220121,0,0.0,0,19.948332,23
SPY,443.91,20210924,20210924,0.72,0.0,4,p-vL,0,SPY211217C00460000,460,4.6,0.04,0.036246,SPDR S&P 500 ETF Trust,USD,917782016,407412604928.0,407412.604928,PCX,"407,412.60 MM",Large Cap,,0,1.0,0,,20211217,0,0.0,0,18.764846,180
URTH,130.58,20210924,20210924,0.7,0.18,4,p-vL,0,URTH211217C00134000,134,3.1,0.069403,0.026191,iShares Inc. - iShares MSCI World ETF,USD,6900000,901001984.0,901.001984,PCX,901.00 MM,Small Cap,,0,1.0,0,,20211217,0,0.0,0,13.717978,10
XWD,,,,,,,,0,,,,,,,,,,,,,,,0,1.0,0,,,0,0.0,0,,
XUS,,,,,,,,0,,,,,,,,,,,,,,,0,1.0,0,,,0,0.0,0,,
