,Portfolio,AssetType,AssetNumber,Ticker,Name,Units,CurrentMarketValue,AverageCost,LastPrice,CurrentWeight,PostTradeMarketValue,PostTradeWeight,IndicativeYield,OptPC,OptStrike,OptExpiryYYYYMMDD,symbol,max_date,VALUE_DATE,EXPIRY,STRIKE,RISK_MULTIPLIER,RISK_UNITS
0,BDIN_Portfolio,EQ,1,AMZN US Equity,Amazon.com Inc,260.0,1064173.3572,3207.4774,3241.439941,2.5,1064173.0,2.5,3.1,,0.0,,AMZN,2050-12-31,2021-08-18,,1.0,1.0,260.0
1,BDIN_Portfolio,EQ,2,CRM US Equity,salesforce.com Inc,3119.0,971951.7543,231.7257,246.830002,2.3,971952.0,2.3,2.5,,0.0,,CRM,2050-12-31,2021-08-18,,1.0,1.0,3119.0
2,BDIN_Portfolio,EQ,3,FB US Equity,Facebook Inc,2122.0,960296.3804,261.825,358.370117,2.2,960296.0,2.2,0.0,,0.0,,FB,2050-12-31,2021-08-18,,1.0,1.0,2122.0
3,BDIN_Portfolio,EQ,4,WDAY US Equity,Workday Inc,3182.0,929436.7465,225.6212,231.25,2.2,929437.0,2.2,0.0,,0.0,,WDAY,2050-12-31,2021-08-18,,1.0,1.0,3182.0
4,BDIN_Portfolio,EQ,5,DB1 GR Equity,Deutsche Boerse AG,4198.0,922495.2388,134.764,148.649994,2.2,922495.0,2.2,2.0,,0.0,,DB1,2050-12-31,2021-08-18,,1.0,1.0,4198.0
5,BDIN_Portfolio,EQ,6,RH US Equity,RH,1046.0,907063.505,423.3103,686.870117,2.1,907064.0,2.1,0.0,,0.0,,RH,2050-12-31,2021-08-18,,1.0,1.0,1046.0
6,BDIN_Portfolio,EQ,7,MTX GR Equity,MTU Aero Engines AG,2974.0,889392.8974,195.9928,202.300003,2.1,889393.0,2.1,0.6,,0.0,,MTX,2050-12-31,2021-08-18,,1.0,1.0,2974.0
7,BDIN_Portfolio,EQ,8,AMS SM Equity,Amadeus IT Group SA,10845.0,817949.9317,55.9211,51.019989,1.9,817950.0,1.9,0.0,,0.0,,AMS,2050-12-31,2021-08-18,,1.0,1.0,10845.0
8,BDIN_Portfolio,EQ,9,AENA SM Equity,Aena SME SA,4023.0,804348.2286,133.9111,135.25,1.9,804348.0,1.9,0.0,,0.0,,AENA,2050-12-31,2021-08-18,,1.0,1.0,4023.0
9,BDIN_Portfolio,EQ,10,MELI US Equity,MercadoLibre Inc,353.0,787926.839,1435.5701,1767.120117,1.8,787927.0,1.8,0.0,,0.0,,MELI,2050-12-31,2021-08-18,,1.0,1.0,353.0
10,BDIN_Portfolio,EQ,11,PRX NA Equity,Prosus NV,7357.0,768694.9983,67.9158,70.679993,1.8,768695.0,1.8,0.0,,0.0,,PRX,2050-12-31,2021-08-18,,1.0,1.0,7357.0
11,BDIN_Portfolio,EQ,12,MANU US Equity,Manchester United Plc,35070.0,746048.764,14.8846,16.850006,1.7,746049.0,1.7,1.1,,0.0,,MANU,2050-12-31,2021-08-18,,1.0,1.0,35070.0
12,BDIN_Portfolio,EQ,13,ALSEA* MM Equity,Alsea SAB de CV,310900.0,741819.7893,31.6852,37.820007,1.7,741820.0,1.7,0.0,,0.0,,ALSEA*,2050-12-31,2021-08-18,,1.0,1.0,310900.0
13,BDIN_Portfolio,EQ,14,CBOE US Equity,Cboe Global Markets Inc,4453.0,697735.5638,88.7429,124.240005,1.6,697736.0,1.6,1.4,,0.0,,CBOE,2050-12-31,2021-08-18,,1.0,1.0,4453.0
14,BDIN_Portfolio,EQ,15,AAPL US Equity,Apple Inc,3679.0,697593.1365,123.2955,150.210007,1.6,697593.0,1.6,0.6,,0.0,,AAPL,2050-12-31,2021-08-18,,1.0,1.0,3679.0
15,BDIN_Portfolio,EQ,16,FLT US Equity,FleetCor Technologies Inc,2020.0,666380.4495,251.6967,261.300049,1.6,666380.0,1.6,0.0,,0.0,,FLT,2050-12-31,2021-08-18,,1.0,1.0,2020.0
16,BDIN_Portfolio,EQ,17,AC* MM Equity,Arca Continental SAB de CV,83400.0,649919.2981,98.2223,123.520004,1.5,649919.0,1.5,2.4,,0.0,,AC*,2050-12-31,2021-08-18,,1.0,1.0,83400.0
17,BDIN_Portfolio,EQ,18,MSFT US Equity,Microsoft Corp,1732.0,640863.5528,212.4795,293.199951,1.5,640864.0,1.5,0.8,,0.0,,MSFT,2050-12-31,2021-08-18,,1.0,1.0,1732.0
18,BDIN_Portfolio,EQ,19,RBLX US Equity,ROBLOX Corp,6439.0,638714.2499,68.4567,78.570007,1.5,638714.0,1.5,0.0,,0.0,,RBLX,2050-12-31,2021-08-18,,1.0,1.0,6439.0
19,BDIN_Portfolio,EQ,20,BABA US Equity,Alibaba Group Holding Ltd,2862.0,627734.2503,252.69,173.699997,1.5,627734.0,1.5,0.0,,0.0,,BABA,2050-12-31,2021-08-18,,1.0,1.0,2862.0
20,BDIN_Portfolio,EQ,21,UBER US Equity,Uber Technologies Inc,11869.0,614369.1125,55.0007,41.0,1.4,614369.0,1.4,0.0,,0.0,,UBER,2050-12-31,2021-08-18,,1.0,1.0,11869.0
21,BDIN_Portfolio,EQ,22,700 HK Equity,Tencent Holdings Ltd,8600.0,606058.3216,593.0116,435.0,1.4,606058.0,1.4,0.4,,0.0,,700,2050-12-31,2021-08-18,,1.0,1.0,8600.0
22,BDIN_Portfolio,EQ,23,AMT US Equity,American Tower Corp,1605.0,580660.2287,227.4276,286.560059,1.4,580660.0,1.4,1.8,,0.0,,AMT,2050-12-31,2021-08-18,,1.0,1.0,1605.0
23,BDIN_Portfolio,EQ,24,ME US Equity,23andMe Holding Co,55742.0,580587.7687,9.9993,8.22,1.4,580588.0,1.4,0.0,,0.0,,ME,2050-12-31,2021-08-18,,1.0,1.0,55742.0
24,BDIN_Portfolio,EQ,25,HEIA NA Equity,Heineken NV,4108.0,573755.8192,88.3514,94.479996,1.3,573756.0,1.3,1.0,,0.0,,HEIA,2050-12-31,2021-08-18,,1.0,1.0,4108.0
25,BDIN_Portfolio,EQ,26,CTVA US Equity,Corteva Inc,10050.0,571726.8815,34.9304,45.059998,1.3,571727.0,1.3,1.2,,0.0,,CTVA,2050-12-31,2021-08-18,,1.0,1.0,10050.0
26,BDIN_Portfolio,EQ,27,JKHY US Equity,Jack Henry & Associates Inc,2523.0,568828.6476,152.6153,178.419998,1.3,568829.0,1.3,1.0,,0.0,,JKHY,2050-12-31,2021-08-18,,1.0,1.0,2523.0
27,BDIN_Portfolio,EQ,28,SWMA SS Equity,Swedish Match AB,47002.0,531293.9879,65.4938,78.419998,1.2,531294.0,1.2,1.9,,0.0,,SWMA,2050-12-31,2021-08-18,,1.0,1.0,47002.0
28,BDIN_Portfolio,EQ,29,AON US Equity,Aon PLC,1499.0,531070.064,193.7754,280.620117,1.2,531070.0,1.2,0.7,,0.0,,AON,2050-12-31,2021-08-18,,1.0,1.0,1499.0
29,BDIN_Portfolio,EQ,30,COIN US Equity,Coinbase Global Inc,1640.0,519281.4063,248.0245,250.5,1.2,519281.0,1.2,0.0,,0.0,,COIN,2050-12-31,2021-08-18,,1.0,1.0,1640.0
30,BDIN_Portfolio,EQ,31,TAL US Equity,TAL Education Group,78037.0,513298.1259,17.1881,5.2,1.2,513298.0,1.2,0.0,,0.0,,TAL,2050-12-31,2021-08-18,,1.0,1.0,78037.0
31,BDIN_Portfolio,EQ,32,ETSY US Equity,Etsy Inc,2045.0,501646.1766,205.2654,194.229996,1.2,501646.0,1.2,0.0,,0.0,,ETSY,2050-12-31,2021-08-18,,1.0,1.0,2045.0
32,BDIN_Portfolio,EQ,33,V US Equity,Visa Inc,1668.0,493758.6521,198.6639,234.470001,1.2,493759.0,1.2,0.5,,0.0,,V,2050-12-31,2021-08-18,,1.0,1.0,1668.0
33,BDIN_Portfolio,EQ,34,ANGI US Equity,Angi Inc,38753.0,489256.625,14.6532,10.0,1.1,489257.0,1.1,0.0,,0.0,,ANGI,2050-12-31,2021-08-18,,1.0,1.0,38753.0
34,BDIN_Portfolio,EQ,35,AVGO US Equity,Broadcom Inc,804.0,485894.225,434.6624,478.75,1.1,485894.0,1.1,3.0,,0.0,,AVGO,2050-12-31,2021-08-18,,1.0,1.0,804.0
35,BDIN_Portfolio,EQ,36,WYNN US Equity,Wynn Resorts Ltd,4138.0,480419.7661,108.7094,91.960007,1.1,480420.0,1.1,0.0,,0.0,,WYNN,2050-12-31,2021-08-18,,1.0,1.0,4138.0
36,BDIN_Portfolio,EQ,37,ROP US Equity,Roper Technologies Inc,773.0,474108.1088,423.3628,485.810059,1.1,474108.0,1.1,0.5,,0.0,,ROP,2050-12-31,2021-08-18,,1.0,1.0,773.0
37,BDIN_Portfolio,EQ,38,FTDR US Equity,Frontdoor Inc,7965.0,424858.0781,49.3016,42.259995,1.0,424858.0,1.0,0.0,,0.0,,FTDR,2050-12-31,2021-08-18,,1.0,1.0,7965.0
38,BDIN_Portfolio,EQ,39,JNJ US Equity,Johnson & Johnson,1832.0,415119.2821,146.1653,179.479996,1.0,415119.0,1.0,2.4,,0.0,,JNJ,2050-12-31,2021-08-18,,1.0,1.0,1832.0
39,BDIN_Portfolio,EQ,40,CSU CN Equity,Constellation Software Inc/Canada,199.0,412534.9678,1461.2609,2073.040039,1.0,412535.0,1.0,0.2,,0.0,,CSU,2050-12-31,2021-08-18,,1.0,1.0,199.0
40,BDIN_Portfolio,EQ,41,EDU US Equity,New Oriental Education & Technology Group Inc,174984.0,408697.0893,2.6048,1.85,1.0,408697.0,1.0,0.0,,0.0,,EDU,2050-12-31,2021-08-18,,1.0,1.0,174984.0
41,BDIN_Portfolio,EQ,42,BIIB US Equity,Biogen Inc,902.0,398332.1517,405.3743,349.780029,0.9,398332.0,0.9,0.0,,0.0,,BIIB,2050-12-31,2021-08-18,,1.0,1.0,902.0
42,BDIN_Portfolio,EQ,43,9901 HK Equity,New Oriental Education & Technology Group Inc,169200.0,382659.4903,16.0709,13.96,0.9,382659.0,0.9,0.0,,0.0,,9901,2050-12-31,2021-08-18,,1.0,1.0,169200.0
43,BDIN_Portfolio,EQ,44,LMT US Equity,Lockheed Martin Corp,774.0,353336.7941,372.6388,361.590088,0.8,353337.0,0.8,2.9,,0.0,,LMT,2050-12-31,2021-08-18,,1.0,1.0,774.0
44,BDIN_Portfolio,EQ,45,8697 JP Equity,Japan Exchange Group Inc,11900.0,346601.7507,2559.5716,2528.5,0.8,346602.0,0.8,2.1,,0.0,,8697,2050-12-31,2021-08-18,,1.0,1.0,11900.0
45,BDIN_Portfolio,EQ,46,GOOGL US Equity,Alphabet Inc,97.0,334718.1765,1714.3546,2731.790039,0.8,334718.0,0.8,0.0,,0.0,,GOOGL,2050-12-31,2021-08-18,,1.0,1.0,97.0
46,BDIN_Portfolio,EQ,47,TCOM US Equity,Trip.com Group Ltd,10338.0,314024.4716,44.1766,24.040009,0.7,314024.0,0.7,0.0,,0.0,,TCOM,2050-12-31,2021-08-18,,1.0,1.0,10338.0
47,BDIN_Portfolio,EQ,48,INTU US Equity,Intuit Inc,456.0,308494.6638,315.5439,535.900146,0.7,308495.0,0.7,0.4,,0.0,,INTU,2050-12-31,2021-08-18,,1.0,1.0,456.0
48,BDIN_Portfolio,EQ,49,AC FP Equity,Accor SA,7279.0,303550.8668,25.4908,28.209991,0.7,303551.0,0.7,0.0,,0.0,,AC,2050-12-31,2021-08-18,,1.0,1.0,7279.0
49,BDIN_Portfolio,EQ,50,REAL US Equity,RealReal Inc/The,17888.0,278907.4686,21.3153,12.35,0.7,278907.0,0.7,0.0,,0.0,,REAL,2050-12-31,2021-08-18,,1.0,1.0,17888.0
50,BDIN_Portfolio,EQ,51,PEP US Equity,PepsiCo Inc,1348.0,268722.1046,141.2004,157.860001,0.6,268722.0,0.6,2.7,,0.0,,PEP,2050-12-31,2021-08-18,,1.0,1.0,1348.0
51,BDIN_Portfolio,EQ,52,GRMN US Equity,Garmin Ltd,59.0,12437.178,118.7198,166.960007,0.0,12437.0,0.0,1.6,,0.0,,GRMN,2050-12-31,2021-08-18,,1.0,1.0,59.0
52,BDIN_Portfolio,FI,1,ZO760437     Corp,CAN 0 1/2 12/01/30,1617.0,1526030.982,98.3289,94.265991,3.6,1526031.0,3.6,0.0,,0.0,,ZO760437,2050-12-31,2021-08-18,,1.0,1.0,1617.0
53,BDIN_Portfolio,FI,2,BH518546     Corp,CAN 0 1/2 09/01/25,780.0,774214.3395,100.53,99.024002,1.8,774214.0,1.8,0.0,,0.0,,BH518546,2050-12-31,2021-08-18,,1.0,1.0,780.0
54,BDIN_Portfolio,OP,1,SPY US U1721C430000 Equity,SPDR S&P 500 ETF Trust,1200.0,601454.896,5.5228,3.969999,1.4,601455.0,1.4,0.0,P,430.0,20210917,SPY,2050-12-31,2021-08-18,2021-09-17,430.0,100.0,120000.0
55,BDIN_Portfolio,OP,2,SPY US U0721C425000 Equity,SPDR S&P 500 ETF Trust,600.0,143167.4538,4.7325,1.889999,0.3,143167.0,0.3,0.0,P,425.0,20210907,SPY,2050-12-31,2021-08-18,2021-09-07,425.0,100.0,60000.0
56,BDIN_Portfolio,OP,3,SPY US T2021C430000 Equity,SPDR S&P 500 ETF Trust,800.0,27270.0041,4.5797,0.27,0.1,27270.0,0.1,0.0,P,430.0,20210820,SPY,2050-12-31,2021-08-18,2021-08-20,430.0,100.0,80000.0
57,BDIN_Portfolio,OP,4,UBER US H2021D650000 Equity,Uber Technologies Inc,-118.0,-148.975,0.5,0.02,-0.0,-149.0,-0.0,0.0,C,65.0,20210820,UBER,2050-12-31,2021-08-18,2021-08-20,65.0,100.0,-11800.0
58,BDIN_Portfolio,OP,5,COIN US H2021C290000 Equity,Coinbase Global Inc,-10.0,-252.5,4.1009,0.15,-0.0,-252.0,-0.0,0.0,C,290.0,20210820,COIN,2050-12-31,2021-08-18,2021-08-20,290.0,100.0,-1000.0
59,BDIN_Portfolio,OP,6,RH US H2021C780000 Equity,RH,-10.0,-820.625,10.0,0.6,-0.0,-821.0,-0.0,0.0,C,780.0,20210820,RH,2050-12-31,2021-08-18,2021-08-20,780.0,100.0,-1000.0
60,BDIN_Portfolio,OP,7,TAL US H2021D600000 Equity,TAL Education Group,-176.0,-1111.0,0.45,0.05,-0.0,-1111.0,-0.0,0.0,C,60.0,20210820,TAL,2050-12-31,2021-08-18,2021-08-20,60.0,100.0,-17600.0
61,BDIN_Portfolio,OP,8,V US I1721C255000 Equity,Visa Inc,-17.0,-1416.5251,2.5,0.59,-0.0,-1417.0,-0.0,0.0,C,255.0,20210917,V,2050-12-31,2021-08-18,2021-09-17,255.0,100.0,-1700.0
62,BDIN_Portfolio,OP,9,GOOGL US U1721B230000 Equity,Alphabet Inc,-3.0,-1742.2501,41.8,3.900001,-0.0,-1742.0,-0.0,0.0,P,2300.0,20210917,GOOGL,2050-12-31,2021-08-18,2021-09-17,2300.0,100.0,-300.0
63,BDIN_Portfolio,OP,10,WDAY US I1721C280000 Equity,Workday Inc,-18.0,-2022.525,2.3,0.55,-0.0,-2023.0,-0.0,0.0,C,280.0,20210917,WDAY,2050-12-31,2021-08-18,2021-09-17,280.0,100.0,-1800.0
64,BDIN_Portfolio,OP,11,ROP US H2021C490000 Equity,Roper Technologies Inc,-7.0,-2076.8128,4.5,1.3,-0.0,-2077.0,-0.0,0.0,C,490.0,20210820,ROP,2050-12-31,2021-08-18,2021-08-20,490.0,100.0,-700.0
65,BDIN_Portfolio,OP,12,AVGO US I1721C520000 Equity,Broadcom Inc,-8.0,-3131.0004,6.9,2.8,-0.0,-3131.0,-0.0,0.0,C,520.0,20210917,AVGO,2050-12-31,2021-08-18,2021-09-17,520.0,100.0,-800.0
66,BDIN_Portfolio,OP,13,TCOM US I1721D450000 Equity,Trip.com Group Ltd,-103.0,-3250.9375,0.7,0.05,-0.0,-3251.0,-0.0,0.0,C,45.0,20210917,TCOM,2050-12-31,2021-08-18,2021-09-17,45.0,100.0,-10300.0
67,BDIN_Portfolio,OP,14,CRM US I1721C290000 Equity,salesforce.com Inc,-31.0,-3287.5499,2.08,0.74,-0.0,-3288.0,-0.0,0.0,C,290.0,20210917,CRM,2050-12-31,2021-08-18,2021-09-17,290.0,100.0,-3100.0
68,BDIN_Portfolio,OP,15,ABNB US V1521C110000 Equity,Airbnb Inc,-60.0,-5605.5001,3.5,0.67,-0.0,-5606.0,-0.0,0.0,P,110.0,20211015,ABNB,2050-12-31,2021-08-18,2021-10-15,110.0,100.0,-6000.0
69,BDIN_Portfolio,OP,16,PEP US I1721C155000 Equity,PepsiCo Inc,-13.0,-6647.0628,1.84,3.95,-0.0,-6647.0,-0.0,0.0,C,155.0,20210917,PEP,2050-12-31,2021-08-18,2021-09-17,155.0,100.0,-1300.0
70,BDIN_Portfolio,OP,17,FB US I1721C380000 Equity,Facebook Inc,-21.0,-7211.4007,3.8,2.61,-0.0,-7211.0,-0.0,0.0,C,380.0,20210917,FB,2050-12-31,2021-08-18,2021-09-17,380.0,100.0,-2100.0
71,BDIN_Portfolio,OP,18,AMT US J1521C300000 Equity,American Tower Corp,-16.0,-7272.0008,2.3,3.400001,-0.0,-7272.0,-0.0,0.0,C,300.0,20211015,AMT,2050-12-31,2021-08-18,2021-10-15,300.0,100.0,-1600.0
72,BDIN_Portfolio,OP,19,JKHY US I1721C185000 Equity,Jack Henry & Associates Inc,-25.0,-8206.2482,2.0,2.3,-0.0,-8206.0,-0.0,0.0,C,185.0,20210917,JKHY,2050-12-31,2021-08-18,2021-09-17,185.0,100.0,-2500.0
73,BDIN_Portfolio,OP,20,WDAY US U1721C200000 Equity,Workday Inc,-40.0,-8888.0012,3.7,1.469999,-0.0,-8888.0,-0.0,0.0,P,200.0,20210917,WDAY,2050-12-31,2021-08-18,2021-09-17,200.0,100.0,-4000.0
74,BDIN_Portfolio,OP,21,SPY US T2021C420000 Equity,SPDR S&P 500 ETF Trust,-800.0,-12120.0005,2.87,0.11,-0.0,-12120.0,-0.0,0.0,P,420.0,20210820,SPY,2050-12-31,2021-08-18,2021-08-20,420.0,100.0,-80000.0
75,BDIN_Portfolio,OP,22,CBOE US I1721C130000 Equity,Cboe Global Markets Inc,-44.0,-12498.75,1.75,1.75,-0.0,-12499.0,-0.0,0.0,C,130.0,20210917,CBOE,2050-12-31,2021-08-18,2021-09-17,130.0,100.0,-4400.0
76,BDIN_Portfolio,OP,23,MSFT US I1721C285000 Equity,Microsoft Corp,-17.0,-24252.6254,3.1,11.05,-0.1,-24253.0,-0.1,0.0,C,285.0,20210917,MSFT,2050-12-31,2021-08-18,2021-09-17,285.0,100.0,-1700.0
77,BDIN_Portfolio,OP,24,MELI US I1721B170000 Equity,MercadoLibre Inc,-2.0,-30375.7508,25.5,114.199997,-0.1,-30376.0,-0.1,0.0,C,1700.0,20210917,MELI,2050-12-31,2021-08-18,2021-09-17,1700.0,100.0,-200.0
78,BDIN_Portfolio,OP,25,INTU US I1721C480000 Equity,Intuit Inc,-4.0,-30552.5,20.0,57.299988,-0.1,-30553.0,-0.1,0.0,C,480.0,20210917,INTU,2050-12-31,2021-08-18,2021-09-17,480.0,100.0,-400.0
79,BDIN_Portfolio,OP,26,AAPL US I1721C145000 Equity,Apple Inc,-36.0,-34542.0017,2.0,7.45,-0.1,-34542.0,-0.1,0.0,C,145.0,20210917,AAPL,2050-12-31,2021-08-18,2021-09-17,145.0,100.0,-3600.0
80,BDIN_Portfolio,OP,27,SPOT US V1521C200000 Equity,Spotify Technology SA,-40.0,-48984.999,5.07,9.3,-0.1,-48985.0,-0.1,0.0,P,200.0,20211015,SPOT,2050-12-31,2021-08-18,2021-10-15,200.0,100.0,-4000.0
81,BDIN_Portfolio,OP,28,SPY US U0721C400000 Equity,SPDR S&P 500 ETF Trust,-600.0,-49995.002,1.923,0.65,-0.1,-49995.0,-0.1,0.0,P,400.0,20210907,SPY,2050-12-31,2021-08-18,2021-09-07,400.0,100.0,-60000.0
82,BDIN_Portfolio,OP,29,SPY US U1721C410000 Equity,SPDR S&P 500 ETF Trust,-1200.0,-290880.0116,2.8303,1.9,-0.7,-290880.0,-0.7,0.0,P,410.0,20210917,SPY,2050-12-31,2021-08-18,2021-09-17,410.0,100.0,-120000.0
83,BDIN_Portfolio,CA,1,PSA CN Equity,Purpose High Interest Savings ETF,149358.0,7469392.7596,50.0179,50.009995,17.4,7469393.0,17.4,0.6,,0.0,,PSA,2050-12-31,2021-08-18,,1.0,1.0,149358.0
84,BDIN_Portfolio,CA,2,CAD Curncy,USDCAD Spot Exchange Rate - Price of 1 USD in CAD,2802411.8,2802411.82,1.0,0.0,6.5,2802412.0,6.5,0.0,,0.0,,CAD,2050-12-31,2021-08-18,,1.0,1.0,2802411.8
85,BDIN_Portfolio,CA,3,OPXBCI56 Curncy,#N/A Field Not Applicable,20000000.0,65538.7309,1.04,0.327694,0.2,65539.0,0.2,0.0,,0.0,,OPXBCI56,2050-12-31,2021-08-18,,1.0,1.0,20000000.0
86,BDIN_Portfolio,CA,4,USD Curncy,USDUSD Spot Exchange Rate - Price of 1 USD in USD,1940.8,2450.2095,1.0,0.0,0.0,2450.0,0.0,0.0,,0.0,,USD,2050-12-31,2021-08-18,,1.0,1.0,1940.8
87,BDIN_Portfolio,CA,5,USD/CAD 8/19/2021 Curncy,USD/CAD R  8/19/2021,-177653.8,0.0,1.2626,1.262352,0.0,0.0,0.0,0.0,,0.0,,USD/CAD,2050-12-31,2021-08-18,,1.0,1.0,-177653.8
88,BDIN_Portfolio,CA,6,USD/CAD 8/19/2021 Curncy,USD/CAD R  8/19/2021,140704.7,0.0,1.2626,1.262352,0.0,0.0,0.0,0.0,,0.0,,USD/CAD,2050-12-31,2021-08-18,,1.0,1.0,140704.7
89,BDIN_Portfolio,CA,7,USD/CAD 8/18/2021 Curncy,USD/CAD R  8/18/2021,-224009.5,0.0,1.2625,1.26235,0.0,0.0,0.0,0.0,,0.0,,USD/CAD,2050-12-31,2021-08-18,,1.0,1.0,-224009.5
90,BDIN_Portfolio,CA,8,USD/CAD 8/18/2021 Curncy,USD/CAD R  8/18/2021,177433.3,0.0,1.2625,1.26235,0.0,0.0,0.0,0.0,,0.0,,USD/CAD,2050-12-31,2021-08-18,,1.0,1.0,177433.3
91,BDIN_Portfolio,CA,9,EUR/CAD 8/18/2021 Curncy,EUR/CAD R  8/18/2021,-255.2,0.0,1.4786,1.478116,0.0,0.0,0.0,0.0,,0.0,,EUR/CAD,2050-12-31,2021-08-18,,1.0,1.0,-255.2
92,BDIN_Portfolio,CA,10,EUR/CAD 8/18/2021 Curncy,EUR/CAD R  8/18/2021,172.6,0.0,1.4786,1.478116,0.0,0.0,0.0,0.0,,0.0,,EUR/CAD,2050-12-31,2021-08-18,,1.0,1.0,172.6
93,BDOP_Portfolio,EQ,1,PLAY US Equity,Dave & Buster's Entertainment Inc,73068.0,3087552.3871,35.5086,33.470001,5.0,3087552.0,5.0,0.0,,0.0,,PLAY,2050-12-31,2021-08-18,,1.0,1.0,73068.0
94,BDOP_Portfolio,EQ,2,ATL IM Equity,Atlantia SpA,126336.0,2937735.1234,15.846,15.73,4.7,2937735.0,4.7,0.0,,0.0,,ATL,2050-12-31,2021-08-18,,1.0,1.0,126336.0
95,BDOP_Portfolio,EQ,3,SSPG LN Equity,SSP Group Plc,664381.0,2928060.4036,296.6003,254.100006,4.7,2928060.0,4.7,0.0,,0.0,,SSPG,2050-12-31,2021-08-18,,1.0,1.0,664381.0
96,BDOP_Portfolio,EQ,4,TKA GR Equity,thyssenkrupp AG,214433.0,2745785.3873,9.8835,8.662,4.4,2745785.0,4.4,0.0,,0.0,,TKA,2050-12-31,2021-08-18,,1.0,1.0,214433.0
97,BDOP_Portfolio,EQ,5,MSGE US Equity,Madison Square Garden Entertainment Corp,32215.0,2535050.7738,71.3477,62.330002,4.1,2535051.0,4.1,0.0,,0.0,,MSGE,2050-12-31,2021-08-18,,1.0,1.0,32215.0
98,BDOP_Portfolio,EQ,6,COTY US Equity,Coty Inc,254449.0,2531385.9133,8.4899,7.88,4.1,2531386.0,4.1,0.0,,0.0,,COTY,2050-12-31,2021-08-18,,1.0,1.0,254449.0
99,BDOP_Portfolio,EQ,7,AC FP Equity,Accor SA,60418.0,2519568.1098,31.4883,28.209991,4.0,2519568.0,4.0,0.0,,0.0,,AC,2050-12-31,2021-08-18,,1.0,1.0,60418.0
100,BDOP_Portfolio,EQ,8,NOK US Equity,Nokia Oyj,330195.0,2476215.0764,5.7942,5.93,4.0,2476215.0,4.0,0.0,,0.0,,NOK,2050-12-31,2021-08-18,,1.0,1.0,330195.0
101,BDOP_Portfolio,EQ,9,DUFN SW Equity,Dufry AG,37494.0,2449064.8646,53.3232,47.339996,3.9,2449065.0,3.9,0.0,,0.0,,DUFN,2050-12-31,2021-08-18,,1.0,1.0,37494.0
102,BDOP_Portfolio,EQ,10,ALSEA* MM Equity,Alsea SAB de CV,1024774.0,2445151.6011,25.5517,37.820007,3.9,2445152.0,3.9,0.0,,0.0,,ALSEA*,2050-12-31,2021-08-18,,1.0,1.0,1024774.0
103,BDOP_Portfolio,EQ,11,TAL US Equity,TAL Education Group,365270.0,2402609.1013,16.3838,5.2,3.9,2402609.0,3.9,0.0,,0.0,,TAL,2050-12-31,2021-08-18,,1.0,1.0,365270.0
104,BDOP_Portfolio,EQ,12,WYNN US Equity,Wynn Resorts Ltd,20612.0,2393043.0687,94.9448,91.960007,3.8,2393043.0,3.8,0.0,,0.0,,WYNN,2050-12-31,2021-08-18,,1.0,1.0,20612.0
105,BDOP_Portfolio,EQ,13,REAL US Equity,RealReal Inc/The,150054.0,2339623.2835,18.6411,12.35,3.8,2339623.0,3.8,0.0,,0.0,,REAL,2050-12-31,2021-08-18,,1.0,1.0,150054.0
106,BDOP_Portfolio,EQ,14,AENA SM Equity,Aena SME SA,11682.0,2335668.9055,140.6434,135.25,3.7,2335669.0,3.7,0.0,,0.0,,AENA,2050-12-31,2021-08-18,,1.0,1.0,11682.0
107,BDOP_Portfolio,EQ,15,ANGI US Equity,Angi Inc,179172.0,2262046.5,12.9952,10.0,3.6,2262047.0,3.6,0.0,,0.0,,ANGI,2050-12-31,2021-08-18,,1.0,1.0,179172.0
108,BDOP_Portfolio,EQ,16,MEL SM Equity,Melia Hotels International SA,258179.0,2205236.8755,6.1323,5.778,3.5,2205237.0,3.5,0.0,,0.0,,MEL,2050-12-31,2021-08-18,,1.0,1.0,258179.0
109,BDOP_Portfolio,EQ,17,AGL IM Equity,Autogrill SpA,233351.0,2158748.1992,5.4991,6.257999,3.5,2158748.0,3.5,0.0,,0.0,,AGL,2050-12-31,2021-08-18,,1.0,1.0,233351.0
110,BDOP_Portfolio,EQ,18,AMS SM Equity,Amadeus IT Group SA,28466.0,2146958.2993,58.067,51.019989,3.4,2146958.0,3.4,0.0,,0.0,,AMS,2050-12-31,2021-08-18,,1.0,1.0,28466.0
111,BDOP_Portfolio,EQ,19,PRX NA Equity,Prosus NV,20257.0,2116549.4877,67.9158,70.679993,3.4,2116549.0,3.4,0.0,,0.0,,PRX,2050-12-31,2021-08-18,,1.0,1.0,20257.0
112,BDOP_Portfolio,EQ,20,TCEHY US Equity,Tencent Holdings Ltd,28166.0,1961110.3442,57.8031,55.150009,3.1,1961110.0,3.1,0.4,,0.0,,TCEHY,2050-12-31,2021-08-18,,1.0,1.0,28166.0
113,BDOP_Portfolio,EQ,21,CIEL3 BZ Equity,Cielo SA,2881500.0,1959664.8034,3.9889,2.85,3.1,1959665.0,3.1,0.4,,0.0,,CIEL3,2050-12-31,2021-08-18,,1.0,1.0,2881500.0
114,BDOP_Portfolio,EQ,22,MTX GR Equity,MTU Aero Engines AG,6508.0,1946257.2213,198.4745,202.300003,3.1,1946257.0,3.1,0.6,,0.0,,MTX,2050-12-31,2021-08-18,,1.0,1.0,6508.0
115,BDOP_Portfolio,EQ,23,SABR US Equity,Sabre Corp,146057.0,1934324.0944,12.4426,10.5,3.1,1934324.0,3.1,0.0,,0.0,,SABR,2050-12-31,2021-08-18,,1.0,1.0,146057.0
116,BDOP_Portfolio,EQ,24,IRTC US Equity,iRhythm Technologies Inc,34924.0,1923714.5418,52.8821,43.639999,3.1,1923715.0,3.1,0.0,,0.0,,IRTC,2050-12-31,2021-08-18,,1.0,1.0,34924.0
117,BDOP_Portfolio,EQ,25,BABA US Equity,Alibaba Group Holding Ltd,8526.0,1870042.7038,213.2501,173.699997,3.0,1870043.0,3.0,0.0,,0.0,,BABA,2050-12-31,2021-08-18,,1.0,1.0,8526.0
118,BDOP_Portfolio,EQ,26,ATHM US Equity,Autohome Inc,38396.0,1829929.3625,42.25,37.660004,2.9,1829929.0,2.9,2.3,,0.0,,ATHM,2050-12-31,2021-08-18,,1.0,1.0,38396.0
119,BDOP_Portfolio,EQ,27,JSG LN Equity,Johnson Service Group PLC,688907.0,1792297.128,143.6366,150.0,2.9,1792297.0,2.9,0.0,,0.0,,JSG,2050-12-31,2021-08-18,,1.0,1.0,688907.0
120,BDOP_Portfolio,EQ,28,BEKE US Equity,KE Holdings Inc,74938.0,1770139.2349,20.5105,18.610001,2.8,1770139.0,2.8,0.0,,0.0,,BEKE,2050-12-31,2021-08-18,,1.0,1.0,74938.0
121,BDOP_Portfolio,EQ,29,EDU US Equity,New Oriental Education & Technology Group Inc,500581.0,1169169.7392,4.5558,1.85,1.9,1169170.0,1.9,0.0,,0.0,,EDU,2050-12-31,2021-08-18,,1.0,1.0,500581.0
122,BDOP_Portfolio,EQ,30,9901 HK Equity,New Oriental Education & Technology Group Inc,509900.0,1153180.1071,17.441,13.96,1.9,1153180.0,1.9,0.0,,0.0,,9901,2050-12-31,2021-08-18,,1.0,1.0,509900.0
123,BDOP_Portfolio,EQ,31,KRN GR Equity,Krones AG,1081.0,137829.3161,58.993,86.25,0.2,137829.0,0.2,0.1,,0.0,,KRN,2050-12-31,2021-08-18,,1.0,1.0,1081.0
124,BDOP_Portfolio,EQ,32,788 HK Equity,China Tower Corp Ltd,440000.0,73420.3582,1.1779,1.03,0.1,73420.0,0.1,2.6,,0.0,,788,2050-12-31,2021-08-18,,1.0,1.0,440000.0
125,BDOP_Portfolio,OP,1,SPY US U1721C430000 Equity,SPDR S&P 500 ETF Trust,3000.0,1503637.2399,6.0627,3.969999,2.4,1503637.0,2.4,0.0,P,430.0,20210917,SPY,2050-12-31,2021-08-18,2021-09-17,430.0,100.0,300000.0
126,BDOP_Portfolio,OP,2,SPY US U0721C425000 Equity,SPDR S&P 500 ETF Trust,1000.0,238612.4229,4.7325,1.889999,0.4,238612.0,0.4,0.0,P,425.0,20210907,SPY,2050-12-31,2021-08-18,2021-09-07,425.0,100.0,100000.0
127,BDOP_Portfolio,OP,3,BEKE US V1521D150000 Equity,KE Holdings Inc,750.0,113624.9819,1.35,1.2,0.2,113625.0,0.2,0.0,P,15.0,20211015,BEKE,2050-12-31,2021-08-18,2021-10-15,15.0,100.0,75000.0
128,BDOP_Portfolio,OP,4,WYNN US O1822D700000 Equity,Wynn Resorts Ltd,200.0,92162.5144,3.5396,3.650001,0.1,92163.0,0.1,0.0,P,70.0,20220318,WYNN,2050-12-31,2021-08-18,2022-03-18,70.0,100.0,20000.0
129,BDOP_Portfolio,OP,5,TAL US T2021D250000 Equity,TAL Education Group,25.0,62178.1154,0.0,19.699997,0.1,62178.0,0.1,0.0,P,25.0,20210820,TAL,2050-12-31,2021-08-18,2021-08-20,25.0,100.0,2500.0
130,BDOP_Portfolio,OP,6,TAL US K1921D325000 Equity,TAL Education Group,5100.0,32193.7505,1.9619,0.05,0.1,32194.0,0.1,0.0,C,32.5,20211119,TAL,2050-12-31,2021-08-18,2021-11-19,32.5,100.0,510000.0
131,BDOP_Portfolio,OP,7,BABA US I1721C230000 Equity,Alibaba Group Holding Ltd,280.0,9544.5014,6.5473,0.27,0.0,9545.0,0.0,0.0,C,230.0,20210917,BABA,2050-12-31,2021-08-18,2021-09-17,230.0,100.0,28000.0
132,BDOP_Portfolio,OP,8,BABA US I1721C225000 Equity,Alibaba Group Holding Ltd,-140.0,-6893.2497,13.0,0.36,-0.0,-6893.0,-0.0,0.0,C,225.0,20210917,BABA,2050-12-31,2021-08-18,2021-09-17,225.0,100.0,-14000.0
133,BDOP_Portfolio,OP,9,WYNN US O1822D500000 Equity,Wynn Resorts Ltd,-200.0,-29037.4904,0.8401,0.65,-0.0,-29037.0,-0.0,0.0,P,50.0,20220318,WYNN,2050-12-31,2021-08-18,2022-03-18,50.0,100.0,-20000.0
134,BDOP_Portfolio,OP,10,SPY US U0721C400000 Equity,SPDR S&P 500 ETF Trust,-1000.0,-83325.0033,1.923,0.65,-0.1,-83325.0,-0.1,0.0,P,400.0,20210907,SPY,2050-12-31,2021-08-18,2021-09-07,400.0,100.0,-100000.0
135,BDOP_Portfolio,OP,11,SPY US U1721C410000 Equity,SPDR S&P 500 ETF Trust,-3000.0,-727200.0289,3.1994,1.9,-1.2,-727200.0,-1.2,0.0,P,410.0,20210917,SPY,2050-12-31,2021-08-18,2021-09-17,410.0,100.0,-300000.0
136,BDOP_Portfolio,OP,12,TAL US U1721E750000 Equity,TAL Education Group,-4000.0,-1363499.9037,2.45,2.55,-2.2,-1363500.0,-2.2,0.0,P,750000.0,20210917,TAL,2050-12-31,2021-08-18,2021-09-17,750000.0,100.0,-400000.0
137,BDOP_Portfolio,OP,13,EDU US U1721E450000 Equity,New Oriental Education & Technology Group Inc,-5000.0,-1704374.8796,2.3,2.6,-2.7,-1704375.0,-2.7,0.0,P,450000.0,20210917,EDU,2050-12-31,2021-08-18,2021-09-17,450000.0,100.0,-500000.0
138,BDOP_Portfolio,CA,1,OPXBCI56 Curncy,#N/A Field Not Applicable,70000000.0,229385.5581,1.04,0.327694,0.4,229386.0,0.4,0.0,,0.0,,OPXBCI56,2050-12-31,2021-08-18,,1.0,1.0,70000000.0
139,BDOP_Portfolio,CA,2,BRL Curncy,USDBRL Spot Exchange Rate - Price of 1 USD in BRL,67909.0,16204.7997,1.0,0.0,0.0,16205.0,0.0,0.0,,0.0,,BRL,2050-12-31,2021-08-18,,1.0,1.0,67909.0
140,BDOP_Portfolio,CA,3,USD/CAD 8/17/2021 Curncy,USD/CAD R  8/17/2021,-1472193.0,0.0,1.2626,1.262321,0.0,0.0,0.0,0.0,,0.0,,USD/CAD,2050-12-31,2021-08-18,,1.0,1.0,-1472193.0
141,BDOP_Portfolio,CA,4,USD/CAD 8/17/2021 Curncy,USD/CAD R  8/17/2021,1166001.0,0.0,1.2626,1.262321,0.0,0.0,0.0,0.0,,0.0,,USD/CAD,2050-12-31,2021-08-18,,1.0,1.0,1166001.0
142,BDOP_Portfolio,CA,5,CAD/CHF 8/18/2021 Curncy,CAD/CHF R  8/18/2021,19.0,0.0,0.7241,0.7247,0.0,0.0,0.0,0.0,,0.0,,CAD/CHF,2050-12-31,2021-08-18,,1.0,1.0,19.0
143,BDOP_Portfolio,CA,6,CAD/CHF 8/18/2021 Curncy,CAD/CHF R  8/18/2021,-26.0,0.0,0.7241,0.7247,0.0,0.0,0.0,0.0,,0.0,,CAD/CHF,2050-12-31,2021-08-18,,1.0,1.0,-26.0
144,BDOP_Portfolio,CA,7,EUR/CAD 8/18/2021 Curncy,EUR/CAD R  8/18/2021,-83.0,0.0,1.4785,1.478116,0.0,0.0,0.0,0.0,,0.0,,EUR/CAD,2050-12-31,2021-08-18,,1.0,1.0,-83.0
145,BDOP_Portfolio,CA,8,EUR/CAD 8/18/2021 Curncy,EUR/CAD R  8/18/2021,56.0,0.0,1.4785,1.478116,0.0,0.0,0.0,0.0,,0.0,,EUR/CAD,2050-12-31,2021-08-18,,1.0,1.0,56.0
146,BDOP_Portfolio,CA,9,BRL Curncy,USDBRL Spot Exchange Rate - Price of 1 USD in BRL,-0.0,-0.0048,1.0,0.0,-0.0,-0.0,-0.0,0.0,,0.0,,BRL,2050-12-31,2021-08-18,,1.0,1.0,-0.0
147,BDOP_Portfolio,CA,10,CAD Curncy,USDCAD Spot Exchange Rate - Price of 1 USD in CAD,-2186048.0,-2186048.42,1.0,0.0,-3.5,-2186048.0,-3.5,0.0,,0.0,,CAD,2050-12-31,2021-08-18,,1.0,1.0,-2186048.0
148,BDEQ_Portfolio,EQ,1,CRM US Equity,salesforce.com Inc,3433.0,1069716.6011,227.7906,246.830002,3.8,1069717.0,3.8,0.0,,0.0,,CRM,2050-12-31,2021-08-18,,1.0,1.0,3433.0
149,BDEQ_Portfolio,EQ,2,WDAY US Equity,Workday Inc,3172.0,926442.4391,223.5247,231.25,3.3,926442.0,3.3,0.0,,0.0,,WDAY,2050-12-31,2021-08-18,,1.0,1.0,3172.0
150,BDEQ_Portfolio,EQ,3,FB US Equity,Facebook Inc,1959.0,886461.6408,271.3274,358.370117,3.1,886462.0,3.1,0.0,,0.0,,FB,2050-12-31,2021-08-18,,1.0,1.0,1959.0
151,BDEQ_Portfolio,EQ,4,RH US Equity,RH,981.0,850629.8441,447.0915,686.870117,3.0,850630.0,3.0,0.0,,0.0,,RH,2050-12-31,2021-08-18,,1.0,1.0,981.0
152,BDEQ_Portfolio,EQ,5,AMZN US Equity,Amazon.com Inc,207.0,847178.6027,3202.2293,3241.439941,3.0,847179.0,3.0,0.0,,0.0,,AMZN,2050-12-31,2021-08-18,,1.0,1.0,207.0
153,BDEQ_Portfolio,EQ,6,MTX GR Equity,MTU Aero Engines AG,2778.0,830758.4403,187.8935,202.300003,2.9,830758.0,2.9,0.6,,0.0,,MTX,2050-12-31,2021-08-18,,1.0,1.0,2778.0
154,BDEQ_Portfolio,EQ,7,DB1 GR Equity,Deutsche Boerse AG,3630.0,797660.6211,135.1527,148.649994,2.8,797661.0,2.8,2.0,,0.0,,DB1,2050-12-31,2021-08-18,,1.0,1.0,3630.0
155,BDEQ_Portfolio,EQ,8,RBLX US Equity,ROBLOX Corp,7590.0,752827.6393,72.7073,78.570007,2.7,752828.0,2.7,0.0,,0.0,,RBLX,2050-12-31,2021-08-18,,1.0,1.0,7590.0
156,BDEQ_Portfolio,EQ,9,COIN US Equity,Coinbase Global Inc,2205.0,698124.8821,293.8761,250.5,2.5,698125.0,2.5,0.0,,0.0,,COIN,2050-12-31,2021-08-18,,1.0,1.0,2205.0
157,BDEQ_Portfolio,EQ,10,AMS SM Equity,Amadeus IT Group SA,8784.0,662489.9882,54.5859,51.019989,2.3,662490.0,2.3,0.0,,0.0,,AMS,2050-12-31,2021-08-18,,1.0,1.0,8784.0
158,BDEQ_Portfolio,EQ,11,FLT US Equity,FleetCor Technologies Inc,1956.0,645216.2953,268.102,261.300049,2.3,645216.0,2.3,0.0,,0.0,,FLT,2050-12-31,2021-08-18,,1.0,1.0,1956.0
159,BDEQ_Portfolio,EQ,12,ME US Equity,23andMe Holding Co,61633.0,641895.3684,9.7399,8.22,2.3,641895.0,2.3,0.0,,0.0,,ME,2050-12-31,2021-08-18,,1.0,1.0,61633.0
160,BDEQ_Portfolio,EQ,13,MSFT US Equity,Microsoft Corp,1709.0,632303.1527,214.1671,293.199951,2.2,632303.0,2.2,0.8,,0.0,,MSFT,2050-12-31,2021-08-18,,1.0,1.0,1709.0
161,BDEQ_Portfolio,EQ,14,BABA US Equity,Alibaba Group Holding Ltd,2858.0,626807.2618,248.1444,173.699997,2.2,626807.0,2.2,0.0,,0.0,,BABA,2050-12-31,2021-08-18,,1.0,1.0,2858.0
162,BDEQ_Portfolio,EQ,15,CBOE US Equity,Cboe Global Markets Inc,3949.0,618715.3594,92.3849,124.240005,2.2,618715.0,2.2,1.4,,0.0,,CBOE,2050-12-31,2021-08-18,,1.0,1.0,3949.0
163,BDEQ_Portfolio,EQ,16,ALSEA* MM Equity,Alsea SAB de CV,252200.0,601831.8844,31.711,37.820007,2.1,601832.0,2.1,0.0,,0.0,,ALSEA*,2050-12-31,2021-08-18,,1.0,1.0,252200.0
164,BDEQ_Portfolio,EQ,17,MELI US Equity,MercadoLibre Inc,269.0,600383.9416,1526.709,1767.120117,2.1,600384.0,2.1,0.0,,0.0,,MELI,2050-12-31,2021-08-18,,1.0,1.0,269.0
165,BDEQ_Portfolio,EQ,18,AC* MM Equity,Arca Continental SAB de CV,76700.0,597779.7012,100.6398,123.520004,2.1,597780.0,2.1,2.4,,0.0,,AC*,2050-12-31,2021-08-18,,1.0,1.0,76700.0
166,BDEQ_Portfolio,EQ,19,GOOGL US Equity,Alphabet Inc,168.0,579672.1606,2176.6463,2731.790039,2.1,579672.0,2.1,0.0,,0.0,,GOOGL,2050-12-31,2021-08-18,,1.0,1.0,168.0
167,BDEQ_Portfolio,EQ,20,MANU US Equity,Manchester United Plc,26361.0,560736.633,14.8846,16.850006,2.0,560737.0,2.0,1.1,,0.0,,MANU,2050-12-31,2021-08-18,,1.0,1.0,26361.0
168,BDEQ_Portfolio,EQ,21,AENA SM Equity,Aena SME SA,2789.0,557612.3958,131.4808,135.25,2.0,557612.0,2.0,0.0,,0.0,,AENA,2050-12-31,2021-08-18,,1.0,1.0,2789.0
169,BDEQ_Portfolio,EQ,22,AAPL US Equity,Apple Inc,2916.0,552873.1891,119.2006,150.210007,2.0,552873.0,2.0,0.6,,0.0,,AAPL,2050-12-31,2021-08-18,,1.0,1.0,2916.0
170,BDEQ_Portfolio,EQ,23,PRX NA Equity,Prosus NV,5235.0,546965.3482,67.9158,70.679993,1.9,546965.0,1.9,0.0,,0.0,,PRX,2050-12-31,2021-08-18,,1.0,1.0,5235.0
171,BDEQ_Portfolio,EQ,24,PDD US Equity,Pinduoduo Inc,5253.0,526863.6928,79.1959,79.400009,1.9,526864.0,1.9,0.0,,0.0,,PDD,2050-12-31,2021-08-18,,1.0,1.0,5253.0
172,BDEQ_Portfolio,EQ,25,JKHY US Equity,Jack Henry & Associates Inc,2318.0,522568.516,154.3479,178.419998,1.8,522569.0,1.8,1.0,,0.0,,JKHY,2050-12-31,2021-08-18,,1.0,1.0,2318.0
173,BDEQ_Portfolio,EQ,26,UBER US Equity,Uber Technologies Inc,10085.0,521983.464,55.1874,41.0,1.8,521983.0,1.8,0.0,,0.0,,UBER,2050-12-31,2021-08-18,,1.0,1.0,10085.0
174,BDEQ_Portfolio,EQ,27,ROP US Equity,Roper Technologies Inc,844.0,517613.9056,422.3948,485.810059,1.8,517614.0,1.8,0.5,,0.0,,ROP,2050-12-31,2021-08-18,,1.0,1.0,844.0
175,BDEQ_Portfolio,EQ,28,SWMA SS Equity,Swedish Match AB,45280.0,511806.0981,66.3587,78.419998,1.8,511806.0,1.8,1.9,,0.0,,SWMA,2050-12-31,2021-08-18,,1.0,1.0,45280.0
176,BDEQ_Portfolio,EQ,29,ETSY US Equity,Etsy Inc,2072.0,508229.119,205.2654,194.229996,1.8,508229.0,1.8,0.0,,0.0,,ETSY,2050-12-31,2021-08-18,,1.0,1.0,2072.0
177,BDEQ_Portfolio,EQ,30,TCEHY US Equity,Tencent Holdings Ltd,7291.0,507609.2796,57.8031,55.150009,1.8,507609.0,1.8,0.4,,0.0,,TCEHY,2050-12-31,2021-08-18,,1.0,1.0,7291.0
178,BDEQ_Portfolio,EQ,31,CSU CN Equity,Constellation Software Inc/Canada,239.0,495456.5693,1544.671,2073.040039,1.8,495457.0,1.8,0.2,,0.0,,CSU,2050-12-31,2021-08-18,,1.0,1.0,239.0
179,BDEQ_Portfolio,EQ,32,CTVA US Equity,Corteva Inc,8648.0,491930.5915,36.8413,45.059998,1.7,491931.0,1.7,1.2,,0.0,,CTVA,2050-12-31,2021-08-18,,1.0,1.0,8648.0
180,BDEQ_Portfolio,EQ,33,700 HK Equity,Tencent Holdings Ltd,6900.0,486217.5799,593.8188,435.0,1.7,486218.0,1.7,0.4,,0.0,,700,2050-12-31,2021-08-18,,1.0,1.0,6900.0
181,BDEQ_Portfolio,EQ,34,WYNN US Equity,Wynn Resorts Ltd,4134.0,479917.3518,107.0344,91.960007,1.7,479917.0,1.7,0.0,,0.0,,WYNN,2050-12-31,2021-08-18,,1.0,1.0,4134.0
182,BDEQ_Portfolio,EQ,35,BIIB US Equity,Biogen Inc,1074.0,474251.4913,405.3743,349.780029,1.7,474251.0,1.7,0.0,,0.0,,BIIB,2050-12-31,2021-08-18,,1.0,1.0,1074.0
183,BDEQ_Portfolio,EQ,36,LMT US Equity,Lockheed Martin Corp,1012.0,461948.9829,368.8542,361.590088,1.6,461949.0,1.6,2.9,,0.0,,LMT,2050-12-31,2021-08-18,,1.0,1.0,1012.0
184,BDEQ_Portfolio,EQ,37,AON US Equity,Aon PLC,1273.0,450966.4061,193.963,280.620117,1.6,450966.0,1.6,0.7,,0.0,,AON,2050-12-31,2021-08-18,,1.0,1.0,1273.0
185,BDEQ_Portfolio,EQ,38,ANGI US Equity,Angi Inc,35586.0,449237.664,12.428,10.0,1.6,449238.0,1.6,0.0,,0.0,,ANGI,2050-12-31,2021-08-18,,1.0,1.0,35586.0
186,BDEQ_Portfolio,EQ,39,V US Equity,Visa Inc,1491.0,441328.4399,197.7353,234.470001,1.6,441328.0,1.6,0.5,,0.0,,V,2050-12-31,2021-08-18,,1.0,1.0,1491.0
187,BDEQ_Portfolio,EQ,40,INTU US Equity,Intuit Inc,600.0,405881.8798,347.0709,535.900146,1.4,405882.0,1.4,0.4,,0.0,,INTU,2050-12-31,2021-08-18,,1.0,1.0,600.0
188,BDEQ_Portfolio,EQ,41,AMT US Equity,American Tower Corp,1103.0,399014.02,229.3554,286.560059,1.4,399014.0,1.4,1.8,,0.0,,AMT,2050-12-31,2021-08-18,,1.0,1.0,1103.0
189,BDEQ_Portfolio,EQ,42,AVGO US Equity,Broadcom Inc,654.0,395211.011,420.8356,478.75,1.4,395211.0,1.4,3.0,,0.0,,AVGO,2050-12-31,2021-08-18,,1.0,1.0,654.0
190,BDEQ_Portfolio,EQ,43,EDU US Equity,New Oriental Education & Technology Group Inc,157435.0,367680.0722,2.6048,1.85,1.3,367680.0,1.3,0.0,,0.0,,EDU,2050-12-31,2021-08-18,,1.0,1.0,157435.0
191,BDEQ_Portfolio,EQ,44,HEIA NA Equity,Heineken NV,2630.0,367318.0288,85.5195,94.479996,1.3,367318.0,1.3,1.0,,0.0,,HEIA,2050-12-31,2021-08-18,,1.0,1.0,2630.0
192,BDEQ_Portfolio,EQ,45,TAL US Equity,TAL Education Group,53916.0,354611.1419,14.6495,5.2,1.3,354611.0,1.3,0.0,,0.0,,TAL,2050-12-31,2021-08-18,,1.0,1.0,53916.0
193,BDEQ_Portfolio,EQ,46,AC FP Equity,Accor SA,8438.0,351875.5631,25.6964,28.209991,1.2,351876.0,1.2,0.0,,0.0,,AC,2050-12-31,2021-08-18,,1.0,1.0,8438.0
194,BDEQ_Portfolio,EQ,47,9901 HK Equity,New Oriental Education & Technology Group Inc,153800.0,347803.5933,16.0709,13.96,1.2,347804.0,1.2,0.0,,0.0,,9901,2050-12-31,2021-08-18,,1.0,1.0,153800.0
195,BDEQ_Portfolio,EQ,48,FTDR US Equity,Frontdoor Inc,5974.0,318631.6536,49.714,42.259995,1.1,318632.0,1.1,0.0,,0.0,,FTDR,2050-12-31,2021-08-18,,1.0,1.0,5974.0
196,BDEQ_Portfolio,EQ,49,REAL US Equity,RealReal Inc/The,19383.0,302193.3845,20.3635,12.35,1.1,302193.0,1.1,0.0,,0.0,,REAL,2050-12-31,2021-08-18,,1.0,1.0,19383.0
197,BDEQ_Portfolio,EQ,50,8697 JP Equity,Japan Exchange Group Inc,9300.0,270876.8968,2508.0912,2528.5,1.0,270877.0,1.0,2.1,,0.0,,8697,2050-12-31,2021-08-18,,1.0,1.0,9300.0
198,BDEQ_Portfolio,EQ,51,PEP US Equity,PepsiCo Inc,1138.0,226840.8997,136.1331,157.860001,0.8,226841.0,0.8,2.7,,0.0,,PEP,2050-12-31,2021-08-18,,1.0,1.0,1138.0
199,BDEQ_Portfolio,EQ,52,MRNA US Equity,Moderna Inc,441.0,223722.916,208.7727,401.649902,0.8,223723.0,0.8,0.0,,0.0,,MRNA,2050-12-31,2021-08-18,,1.0,1.0,441.0
200,BDEQ_Portfolio,EQ,53,CME US Equity,CME Group Inc,798.0,206908.8995,159.7688,205.389999,0.7,206909.0,0.7,1.8,,0.0,,CME,2050-12-31,2021-08-18,,1.0,1.0,798.0
201,BDEQ_Portfolio,EQ,54,RI FP Equity,Pernod Ricard SA,344.0,93745.0253,140.8528,184.350006,0.3,93745.0,0.3,1.5,,0.0,,RI,2050-12-31,2021-08-18,,1.0,1.0,344.0
202,BDEQ_Portfolio,OP,1,SPY US U1721C430000 Equity,SPDR S&P 500 ETF Trust,1200.0,601407.256,5.8238,3.969999,2.1,601407.0,2.1,0.0,P,430.0,20210917,SPY,2050-12-31,2021-08-18,2021-09-17,430.0,100.0,120000.0
203,BDEQ_Portfolio,OP,2,SPY US U0721C425000 Equity,SPDR S&P 500 ETF Trust,500.0,119296.7615,4.7325,1.889999,0.4,119297.0,0.4,0.0,P,425.0,20210907,SPY,2050-12-31,2021-08-18,2021-09-07,425.0,100.0,50000.0
204,BDEQ_Portfolio,OP,3,COIN US L1721C300000 Equity,Coinbase Global Inc,50.0,97836.0,14.2,15.5,0.3,97836.0,0.3,0.0,C,300.0,20211217,COIN,2050-12-31,2021-08-18,2021-12-17,300.0,100.0,5000.0
205,BDEQ_Portfolio,OP,4,RBLX US L1721C100000 Equity,ROBLOX Corp,155.0,75333.7275,4.6,3.85,0.3,75334.0,0.3,0.0,C,100.0,20211217,RBLX,2050-12-31,2021-08-18,2021-12-17,100.0,100.0,15500.0
206,BDEQ_Portfolio,OP,5,TAL US K1921D325000 Equity,TAL Education Group,960.0,6059.5201,1.9243,0.05,0.0,6060.0,0.0,0.0,C,32.5,20211119,TAL,2050-12-31,2021-08-18,2021-11-19,32.5,100.0,96000.0
207,BDEQ_Portfolio,OP,6,BABA US I1721C230000 Equity,Alibaba Group Holding Ltd,70.0,2385.9364,6.45,0.27,0.0,2386.0,0.0,0.0,C,230.0,20210917,BABA,2050-12-31,2021-08-18,2021-09-17,230.0,100.0,7000.0
208,BDEQ_Portfolio,OP,7,UBER US H2021D650000 Equity,Uber Technologies Inc,-140.0,-176.736,0.49,0.02,-0.0,-177.0,-0.0,0.0,C,65.0,20210820,UBER,2050-12-31,2021-08-18,2021-08-20,65.0,100.0,-14000.0
209,BDEQ_Portfolio,OP,8,COIN US H2021C290000 Equity,Coinbase Global Inc,-22.0,-555.456,4.1009,0.15,-0.0,-555.0,-0.0,0.0,C,290.0,20210820,COIN,2050-12-31,2021-08-18,2021-08-20,290.0,100.0,-2200.0
210,BDEQ_Portfolio,OP,9,RH US H2021C780000 Equity,RH,-8.0,-656.448,10.1,0.6,-0.0,-656.0,-0.0,0.0,C,780.0,20210820,RH,2050-12-31,2021-08-18,2021-08-20,780.0,100.0,-800.0
211,BDEQ_Portfolio,OP,10,TAL US H2021D600000 Equity,TAL Education Group,-105.0,-662.76,0.45,0.05,-0.0,-663.0,-0.0,0.0,C,60.0,20210820,TAL,2050-12-31,2021-08-18,2021-08-20,60.0,100.0,-10500.0
212,BDEQ_Portfolio,OP,11,V US I1721C255000 Equity,Visa Inc,-14.0,-1166.4576,2.4,0.59,-0.0,-1166.0,-0.0,0.0,C,255.0,20210917,V,2050-12-31,2021-08-18,2021-09-17,255.0,100.0,-1400.0
213,BDEQ_Portfolio,OP,12,AVGO US I1721C520000 Equity,Broadcom Inc,-6.0,-2348.0643,7.0,2.8,-0.0,-2348.0,-0.0,0.0,C,520.0,20210917,AVGO,2050-12-31,2021-08-18,2021-09-17,520.0,100.0,-600.0
214,BDEQ_Portfolio,OP,13,ROP US H2021C490000 Equity,Roper Technologies Inc,-8.0,-2373.3124,4.5,1.3,-0.0,-2373.0,-0.0,0.0,C,490.0,20210820,ROP,2050-12-31,2021-08-18,2021-08-20,490.0,100.0,-800.0
215,BDEQ_Portfolio,OP,14,WDAY US I1721C280000 Equity,Workday Inc,-25.0,-2808.84,2.3,0.55,-0.0,-2809.0,-0.0,0.0,C,280.0,20210917,WDAY,2050-12-31,2021-08-18,2021-09-17,280.0,100.0,-2500.0
216,BDEQ_Portfolio,OP,15,CRM US I1721C290000 Equity,salesforce.com Inc,-34.0,-3605.4143,1.95,0.74,-0.0,-3605.0,-0.0,0.0,C,290.0,20210917,CRM,2050-12-31,2021-08-18,2021-09-17,290.0,100.0,-3400.0
217,BDEQ_Portfolio,OP,16,WYNN US I1721C165000 Equity,Wynn Resorts Ltd,-58.0,-4466.3713,1.3336,0.02,-0.0,-4466.0,-0.0,0.0,C,165.0,20210917,WYNN,2050-12-31,2021-08-18,2021-09-17,165.0,100.0,-5800.0
218,BDEQ_Portfolio,OP,17,AMT US J1521C300000 Equity,American Tower Corp,-11.0,-4999.1045,2.35,3.400001,-0.0,-4999.0,-0.0,0.0,C,300.0,20211015,AMT,2050-12-31,2021-08-18,2021-10-15,300.0,100.0,-1100.0
219,BDEQ_Portfolio,OP,18,PEP US I1721C155000 Equity,PepsiCo Inc,-11.0,-5623.9923,1.84,3.95,-0.0,-5624.0,-0.0,0.0,C,155.0,20210917,PEP,2050-12-31,2021-08-18,2021-09-17,155.0,100.0,-1100.0
220,BDEQ_Portfolio,OP,19,FB US I1721C380000 Equity,Facebook Inc,-19.0,-6524.0838,3.8,2.61,-0.0,-6524.0,-0.0,0.0,C,380.0,20210917,FB,2050-12-31,2021-08-18,2021-09-17,380.0,100.0,-1900.0
221,BDEQ_Portfolio,OP,20,JKHY US I1721C185000 Equity,Jack Henry & Associates Inc,-23.0,-7549.1503,2.0,2.3,-0.0,-7549.0,-0.0,0.0,C,185.0,20210917,JKHY,2050-12-31,2021-08-18,2021-09-17,185.0,100.0,-2300.0
222,BDEQ_Portfolio,OP,21,GOOGL US I1721B270000 Equity,Alphabet Inc,-1.0,-10364.3048,30.4,79.100006,-0.0,-10364.0,-0.0,0.0,C,2700.0,20210917,GOOGL,2050-12-31,2021-08-18,2021-09-17,2700.0,100.0,-100.0
223,BDEQ_Portfolio,OP,22,CBOE US I1721C130000 Equity,Cboe Global Markets Inc,-39.0,-11077.56,1.7,1.75,-0.0,-11078.0,-0.0,0.0,C,130.0,20210917,CBOE,2050-12-31,2021-08-18,2021-09-17,130.0,100.0,-3900.0
224,BDEQ_Portfolio,OP,23,MSFT US I1721C285000 Equity,Microsoft Corp,-17.0,-24250.7044,3.1,11.05,-0.1,-24251.0,-0.1,0.0,C,285.0,20210917,MSFT,2050-12-31,2021-08-18,2021-09-17,285.0,100.0,-1700.0
225,BDEQ_Portfolio,OP,24,AAPL US I1721C145000 Equity,Apple Inc,-29.0,-27823.2974,2.0,7.45,-0.1,-27823.0,-0.1,0.0,C,145.0,20210917,AAPL,2050-12-31,2021-08-18,2021-09-17,145.0,100.0,-2900.0
226,BDEQ_Portfolio,OP,25,MELI US I1721B170000 Equity,MercadoLibre Inc,-2.0,-30373.3448,25.5,114.199997,-0.1,-30373.0,-0.1,0.0,C,1700.0,20210917,MELI,2050-12-31,2021-08-18,2021-09-17,1700.0,100.0,-200.0
227,BDEQ_Portfolio,OP,26,SPY US U0721C400000 Equity,SPDR S&P 500 ETF Trust,-500.0,-41659.2017,1.923,0.65,-0.1,-41659.0,-0.1,0.0,P,400.0,20210907,SPY,2050-12-31,2021-08-18,2021-09-07,400.0,100.0,-50000.0
228,BDEQ_Portfolio,OP,27,INTU US I1721C480000 Equity,Intuit Inc,-6.0,-45825.12,20.7,57.299988,-0.2,-45825.0,-0.2,0.0,C,480.0,20210917,INTU,2050-12-31,2021-08-18,2021-09-17,480.0,100.0,-600.0
229,BDEQ_Portfolio,OP,28,SPY US U1721C415000 Equity,SPDR S&P 500 ETF Trust,-200.0,-57817.919,6.0686,2.27,-0.2,-57818.0,-0.2,0.0,P,415.0,20210917,SPY,2050-12-31,2021-08-18,2021-09-17,415.0,100.0,-20000.0
230,BDEQ_Portfolio,OP,29,COIN US U1721C285000 Equity,Coinbase Global Inc,-30.0,-150730.5716,57.8,38.600006,-0.5,-150731.0,-0.5,0.0,P,285.0,20210917,COIN,2050-12-31,2021-08-18,2021-09-17,285.0,100.0,-3000.0
231,BDEQ_Portfolio,OP,30,SPY US U1721C410000 Equity,SPDR S&P 500 ETF Trust,-1000.0,-242380.8096,2.625,1.9,-0.9,-242381.0,-0.9,0.0,P,410.0,20210917,SPY,2050-12-31,2021-08-18,2021-09-17,410.0,100.0,-100000.0
232,BDEQ_Portfolio,CA,1,OPXBCI56 Curncy,#N/A Field Not Applicable,20000000.0,65538.7309,1.04,0.327694,0.2,65539.0,0.2,0.0,,0.0,,OPXBCI56,2050-12-31,2021-08-18,,1.0,1.0,20000000.0
233,BDEQ_Portfolio,CA,2,USD Curncy,USDUSD Spot Exchange Rate - Price of 1 USD in USD,1688.0,2130.7292,1.0,0.0,0.0,2131.0,0.0,0.0,,0.0,,USD,2050-12-31,2021-08-18,,1.0,1.0,1688.0
234,BDEQ_Portfolio,CA,3,EUR/CAD 8/18/2021 Curncy,EUR/CAD R  8/18/2021,-163.0,0.0,1.4788,1.477996,0.0,0.0,0.0,0.0,,0.0,,EUR/CAD,2050-12-31,2021-08-18,,1.0,1.0,-163.0
235,BDEQ_Portfolio,CA,4,EUR/CAD 8/18/2021 Curncy,EUR/CAD R  8/18/2021,111.0,0.0,1.4788,1.477996,0.0,0.0,0.0,0.0,,0.0,,EUR/CAD,2050-12-31,2021-08-18,,1.0,1.0,111.0
236,BDEQ_Portfolio,CA,5,USD Curncy,USDUSD Spot Exchange Rate - Price of 1 USD in USD,-184989.0,-233530.6186,1.0,0.0,-0.8,-233531.0,-0.8,0.0,,0.0,,USD,2050-12-31,2021-08-18,,1.0,1.0,-184989.0
237,BDEQ_Portfolio,CA,6,CAD Curncy,USDCAD Spot Exchange Rate - Price of 1 USD in CAD,-362156.0,-362155.8,1.0,0.0,-1.3,-362156.0,-1.3,0.0,,0.0,,CAD,2050-12-31,2021-08-18,,1.0,1.0,-362156.0
