,Symbol,LastStockPrice,LastStockPriceDate,ZoneYYYYMMDD,MMRatio,StdevRatio,ZoneNum,ZoneLabel,BDPos,OptionTicker,Strike,OptionBid,ImpliedYield,StrikeRatio,LongName,Currency,ShareOut,MarketCap,MarketCapUSD,Exchange,MarketCapComma,MarketCapLabel,BDPosDetails,BDPosUSDValue,ExchangeRate,BDCallOptPos,BDCallOptDets,OptionExpiry,BDEQPos,BDEQPosUSDValue,BDEQCallOptPos,MaxBTStrikeRatio,BTStrikeCount
0,0700.HK,436.2,2021-08-18T00:00:00.000000000,2021-08-18T00:00:00.000000000,0.01,1.0,9.0,pLvH,15500,,,,,,Tencent Holdings Limited,HKD,2147483647.0,4187498217472.0,537720.477364,HKG,"4,187,498.22 MM",Large Cap,"IN(8,600) EQ(6,900)",868199.06,7.7875,0,,,6900,386488.61,0,,
1,8697.T,2576.5,2021-08-18T00:00:00.000000000,2021-08-18T00:00:00.000000000,0.65,0.02,4.0,p-vL,21200,,,,,,Japan Exchange Group Inc.,JPY,532156000.0,1371099889664.0,12474.637567,JPX,"1,371,099.89 MM",Large Cap,"IN(11,900) EQ(9,300)",496963.91,109.911,0,,,9300,218007.75,0,,
2,AAPL,148.67,2021-08-18T00:00:00.000000000,2021-08-18T00:00:00.000000000,0.9,0.74,2.0,pHv-,6595,AAPL211119C00170000,170.0,1.95,0.034412,0.143472,Apple Inc.,USD,2147483647.0,2466471215104.0,2466471.215104,NMS,"2,466,471.22 MM",Large Cap,"IN(3,679) EQ(2,916)",980476.63,1.0,-6500,IN(-36) EQ(-29),2021-11-19,2916,433520.82,-2900,18.527992,53.0
3,ABNB,144.59,2021-08-18T00:00:00.000000000,2021-08-18T00:00:00.000000000,0.6,0.0,4.0,p-vL,0,ABNB211015C00180000,180.0,1.07,0.035667,0.244899,Airbnb Inc.,USD,336553984.0,90650320896.0,90650.320896,NMS,"90,650.32 MM",Large Cap,,0.0,1.0,0,,2021-10-15,0,0.0,0,,
4,AXON,182.66,2021-08-18T00:00:00.000000000,2021-08-18T00:00:00.000000000,0.76,0.24,1.0,pHvL,0,AXON211217C00240000,240.0,3.6,0.045,0.313917,Axon Enterprise Inc.,USD,65675700.0,11986471936.0,11986.471936,NMS,"11,986.47 MM",Large Cap,,0.0,1.0,0,,2021-12-17,0,0.0,0,,
5,ABT,124.91,2021-08-18T00:00:00.000000000,2021-08-18T00:00:00.000000000,0.95,0.69,2.0,pHv-,0,ABT211119C00135000,135.0,1.62,0.036,0.080778,Abbott Laboratories,USD,1772819968.0,221531586560.0,221531.58656,NYQ,"221,531.59 MM",Large Cap,,0.0,1.0,0,,2021-11-19,0,0.0,0,18.960471,33.0
6,AC.PA,28.47,2021-08-18T00:00:00.000000000,2021-08-18T00:00:00.000000000,0.04,0.92,9.0,pLvH,76135,,,,,,Accor SA,EUR,261839008.0,7394333696.0,8656.4431,PAR,"7,394.33 MM",Mid Cap,"IN(7,279) OP(60,418) EQ(8,438)",2537536.14,0.8542,0,,,8438,281233.73,0,,
7,ADBE,632.26,2021-08-18T00:00:00.000000000,2021-08-18T00:00:00.000000000,0.96,0.46,2.0,pHv-,0,ADBE211217C00720000,720.0,11.55,0.032083,0.138772,Adobe Inc.,USD,476400000.0,301827981312.0,301827.981312,NMS,"301,827.98 MM",Large Cap,,0.0,1.0,0,,2021-12-17,0,0.0,0,17.918481,27.0
8,ADI,165.73,2021-08-18T00:00:00.000000000,2021-08-18T00:00:00.000000000,0.5,0.08,4.0,p-vL,0,ADI211217C00200000,200.0,1.95,0.02925,0.206782,Analog Devices Inc.,USD,368827008.0,61051932672.0,61051.932672,NMS,"61,051.93 MM",Large Cap,,0.0,1.0,0,,2021-12-17,0,0.0,0,19.21793,24.0
9,ADP,212.54,2021-08-18T00:00:00.000000000,2021-08-18T00:00:00.000000000,0.82,1.0,3.0,pHvH,0,ADP211119C00220000,220.0,5.2,0.070909,0.035099,Automatic Data Processing Inc.,USD,423080992.0,89976635392.0,89976.635392,NMS,"89,976.64 MM",Large Cap,,0.0,1.0,0,,2021-11-19,0,0.0,0,16.665171,26.0
10,ADS,91.47,2021-08-18T00:00:00.000000000,2021-08-18T00:00:00.000000000,0.07,0.32,8.0,pLv-,0,ADS211217C00125000,125.0,1.15,0.0276,0.366568,Alliance Data Systems Corporation,USD,49756000.0,4529786368.0,4529.786368,NYQ,"4,529.79 MM",Mid Cap,,0.0,1.0,0,,2021-12-17,0,0.0,0,12.796092,23.0
11,ADSK,323.47,2021-08-18T00:00:00.000000000,2021-08-18T00:00:00.000000000,0.84,1.0,3.0,pHvH,0,ADSK211015C00370000,370.0,2.7,0.036486,0.143846,Autodesk Inc.,USD,220012992.0,71194001408.0,71194.001408,NMS,"71,194.00 MM",Large Cap,,0.0,1.0,0,,2021-10-15,0,0.0,0,19.94638,20.0
12,AENA.MC,137.1,2021-08-18T00:00:00.000000000,2021-08-18T00:00:00.000000000,0.44,0.81,6.0,p-vH,18494,,,,,,Aena S.M.E. S.A.,EUR,150000000.0,20497498112.0,23996.134526,MCE,"20,497.50 MM",Large Cap,"IN(4,023) OP(11,682) EQ(2,789)",2968306.62,0.8542,0,,,2789,447637.46,0,,
13,AGL.MI,6.48,2021-08-18T00:00:00.000000000,2021-08-18T00:00:00.000000000,0.75,0.98,6.0,p-vH,233351,,,,,,Autogrill S.p.A.,EUR,251218000.0,1622868352.0,1899.869295,MIL,"1,622.87 MM",Small Cap,"OP(233,351)",1770211.29,0.8542,0,,,0,0.0,0,,
14,AIR.PA,113.26,2021-08-18T00:00:00.000000000,2021-08-18T00:00:00.000000000,0.73,0.04,4.0,p-vL,0,,,,,,Airbus SE,EUR,785782976.0,88793473024.0,103949.277715,PAR,"88,793.47 MM",Large Cap,,0.0,0.8542,0,,,0,0.0,0,,
15,AMS.MC,50.6,2021-08-18T00:00:00.000000000,2021-08-18T00:00:00.000000000,0.0,1.0,9.0,pLvH,48095,,,,,,Amadeus IT Group S.A.,EUR,449630016.0,22697322496.0,26571.438183,MCE,"22,697.32 MM",Large Cap,"IN(10,845) OP(28,466) EQ(8,784)",2848989.59,0.8542,0,,,8784,520335.26,0,,
16,AMT,283.88,2021-08-18T00:00:00.000000000,2021-08-18T00:00:00.000000000,0.87,0.0,1.0,pHvL,2708,AMT211015C00310000,310.0,1.4,0.027097,0.092011,American Tower Corporation (REIT),USD,455140992.0,129715183616.0,129715.183616,NYQ,"129,715.18 MM",Large Cap,"IN(1,605) EQ(1,103)",768747.05,1.0,-2700,IN(-16) EQ(-11),2021-10-15,1103,313119.65,-1100,19.961616,24.0
17,AMZN,3232.35,2021-08-18T00:00:00.000000000,2021-08-18T00:00:00.000000000,0.0,0.69,8.0,pLv-,467,AMZN211119C03600000,3600.0,48.25,0.040208,0.113741,Amazon.com Inc.,USD,506440992.0,1632659439616.0,1632659.439616,NMS,"1,632,659.44 MM",Large Cap,IN(260) EQ(207),1509507.5,1.0,0,,2021-11-19,207,669096.47,0,19.721378,45.0
18,ANET,363.69,2021-08-18T00:00:00.000000000,2021-08-18T00:00:00.000000000,0.18,0.0,7.0,pLvL,0,ANET211217C00450000,450.0,2.7,0.012,0.237317,Arista Networks Inc.,USD,76716600.0,27935584256.0,27935.584256,NYQ,"27,935.58 MM",Large Cap,,0.0,1.0,0,,2021-12-17,0,0.0,0,19.924621,20.0
19,ANGI,10.05,2021-08-18T00:00:00.000000000,2021-08-18T00:00:00.000000000,0.01,0.92,9.0,pLvH,253511,ANGI211119C00012500,12.5,0.35,0.084,0.243781,Angi Inc.,USD,82218000.0,5052034048.0,5052.034048,NMS,"5,052.03 MM",Mid Cap,"IN(38,753) OP(179,172) EQ(35,586)",2547785.55,1.0,0,,2021-11-19,35586,357639.3,0,19.047619,10.0
20,ANSS,355.79,2021-08-18T00:00:00.000000000,2021-08-18T00:00:00.000000000,0.6,0.22,4.0,p-vL,0,ANSS211119C00390000,390.0,7.5,0.057692,0.096152,ANSYS Inc.,USD,87252496.0,31066249216.0,31066.249216,NMS,"31,066.25 MM",Large Cap,,0.0,1.0,0,,2021-11-19,0,0.0,0,17.899246,21.0
21,AON,278.95,2021-08-18T00:00:00.000000000,2021-08-18T00:00:00.000000000,0.97,1.0,3.0,pHvH,2772,AON211217C00300000,300.0,7.0,0.07,0.075462,Aon plc,USD,225747008.0,63098548224.0,63098.548224,NYQ,"63,098.55 MM",Large Cap,"IN(1,499) EQ(1,273)",773249.43,1.0,0,,2021-12-17,1273,355103.37,0,18.213291,22.0
22,APH,74.43,2021-08-18T00:00:00.000000000,2021-08-18T00:00:00.000000000,0.99,1.0,3.0,pHvH,0,APH211217C00090000,90.0,0.15,0.003333,0.20919,Amphenol Corporation,USD,598185024.0,44531884032.0,44531.884032,NYQ,"44,531.88 MM",Large Cap,,0.0,1.0,0,,2021-12-17,0,0.0,0,19.094879,21.0
23,ASR,171.17,2021-08-17T00:00:00.000000000,2021-08-17T00:00:00.000000000,0.0,0.41,8.0,pLv-,0,ASR211217C00195000,195.0,2.9,0.029744,0.139218,Grupo Aeroportuario del Sureste S. A. B. de C. V.,USD,30000000.0,5135099904.0,5135.099904,NYQ,"5,135.10 MM",Mid Cap,,0.0,1.0,0,,2021-12-17,0,0.0,0,23.374771,15.0
24,ATL.MI,16.0,2021-08-18T00:00:00.000000000,2021-08-18T00:00:00.000000000,0.84,0.8,3.0,pHvH,126336,,,,,,Atlantia SpA,EUR,818824000.0,13097090048.0,15332.580248,MIL,"13,097.09 MM",Large Cap,"OP(126,336)",2366396.63,0.8542,0,,,0,0.0,0,,
25,ATHM,38.38,2021-08-18T00:00:00.000000000,2021-08-18T00:00:00.000000000,0.02,0.59,8.0,pLv-,38396,ATHM211217C00055000,55.0,0.45,0.024545,0.433038,Autohome Inc.,USD,124980000.0,4751739904.0,4751.739904,NYQ,"4,751.74 MM",Mid Cap,"OP(38,396)",1473496.45,1.0,0,,2021-12-17,0,0.0,0,,
26,AVGO,471.87,2021-08-18T00:00:00.000000000,2021-08-18T00:00:00.000000000,0.42,0.0,4.0,p-vL,1458,AVGO211119C00530000,530.0,5.6,0.031698,0.123191,Broadcom Inc.,USD,410260992.0,193474985984.0,193474.985984,NMS,"193,474.99 MM",Large Cap,IN(804) EQ(654),687986.45,1.0,-1400,IN(-8) EQ(-6),2021-11-19,654,308602.98,-600,19.544061,34.0
27,B3SA3.SA,13.99,2021-08-18T00:00:00.000000000,2021-08-18T00:00:00.000000000,0.05,1.0,9.0,pLvH,0,,,,,,B3 S.A. - Brasil Bolsa Balcão,BRL,2147483647.0,84837580800.0,15912.217871,SAO,"84,837.58 MM",Large Cap,,0.0,5.3316,0,,,0,0.0,0,,
28,BAX,75.34,2021-08-18T00:00:00.000000000,2021-08-18T00:00:00.000000000,0.15,1.0,9.0,pLvH,0,BAX211119C00080000,80.0,1.45,0.054375,0.061853,Baxter International Inc.,USD,499910016.0,37688217600.0,37688.2176,NYQ,"37,688.22 MM",Large Cap,,0.0,1.0,0,,2021-11-19,0,0.0,0,19.521906,27.0
29,BAYN.DE,47.86,2021-08-18T00:00:00.000000000,2021-08-18T00:00:00.000000000,0.24,0.8,9.0,pLvH,0,,,,,,Bayer Aktiengesellschaft,EUR,982424000.0,46896009216.0,54900.502477,GER,"46,896.01 MM",Large Cap,,0.0,0.8542,0,,,0,0.0,0,,
30,BDX,250.75,2021-08-18T00:00:00.000000000,2021-08-18T00:00:00.000000000,0.69,0.48,5.0,p-v-,0,BDX211217C00270000,270.0,4.1,0.03037,0.07677,Becton Dickinson and Company,USD,287190016.0,72012898304.0,72012.898304,NYQ,"72,012.90 MM",Large Cap,,0.0,1.0,0,,2021-12-17,0,0.0,0,17.743424,24.0
31,BEKE,19.2,2021-08-18T00:00:00.000000000,2021-08-18T00:00:00.000000000,0.04,1.0,9.0,pLvH,74938,BEKE211015C00035000,35.0,0.25,0.042857,0.822917,KE Holdings Inc.,USD,1190899968.0,22918871040.0,22918.87104,NYQ,"22,918.87 MM",Large Cap,"OP(74,938)",1439184.29,1.0,0,,2021-10-15,0,0.0,0,,
32,BIIB,348.16,2021-08-18T00:00:00.000000000,2021-08-18T00:00:00.000000000,0.28,0.0,4.0,p-vL,1976,BIIB211015C00425000,425.0,2.65,0.037412,0.220703,Biogen Inc.,USD,149032992.0,51788963840.0,51788.96384,NMS,"51,788.96 MM",Large Cap,"IN(902) EQ(1,074)",687964.17,1.0,0,,2021-10-15,1074,373923.84,0,19.855359,32.0
33,BIDU,143.17,2021-08-18T00:00:00.000000000,2021-08-18T00:00:00.000000000,0.01,1.0,9.0,pLvH,0,BIDU211119C00180000,180.0,2.24,0.037333,0.257247,Baidu Inc.,USD,347503008.0,49713270784.0,49713.270784,NMS,"49,713.27 MM",Large Cap,,0.0,1.0,0,,2021-11-19,0,0.0,0,,
34,BKNG,2109.01,2021-08-18T00:00:00.000000000,2021-08-18T00:00:00.000000000,0.16,0.08,7.0,pLvL,0,BKNG211217C02400000,2400.0,45.1,0.037583,0.137975,Booking Holdings Inc.,USD,41059800.0,86615851008.0,86615.851008,NMS,"86,615.85 MM",Large Cap,,0.0,1.0,0,,2021-12-17,0,0.0,0,19.664375,20.0
35,BLK,910.2,2021-08-18T00:00:00.000000000,2021-08-18T00:00:00.000000000,0.83,0.26,2.0,pHv-,0,BLK211015C00980000,980.0,7.8,0.047755,0.076686,BlackRock Inc.,USD,152196000.0,138527277056.0,138527.277056,NYQ,"138,527.28 MM",Large Cap,,0.0,1.0,0,,2021-10-15,0,0.0,0,19.116369,23.0
36,BR,176.15,2021-08-18T00:00:00.000000000,2021-08-18T00:00:00.000000000,0.95,0.99,3.0,pHvH,0,BR211217C00180000,180.0,4.7,0.078333,0.021856,Broadridge Financial Solutions Inc.,USD,116168000.0,20519915520.0,20519.91552,NYQ,"20,519.92 MM",Large Cap,,0.0,1.0,0,,2021-12-17,0,0.0,0,17.861764,18.0
37,BX,112.23,2021-08-18T00:00:00.000000000,2021-08-18T00:00:00.000000000,0.81,0.98,3.0,pHvH,0,BX211217C00135000,135.0,0.86,0.019111,0.202887,Blackstone Inc.,USD,685948992.0,80467468288.0,80467.468288,NYQ,"80,467.47 MM",Large Cap,,0.0,1.0,0,,2021-12-17,0,0.0,0,14.029022,21.0
38,CBOE,123.22,2021-08-18T00:00:00.000000000,2021-08-18T00:00:00.000000000,0.72,0.18,4.0,p-vL,8402,CBOE211217C00140000,140.0,2.7,0.057857,0.136179,Cboe Global Markets Inc.,USD,106623000.0,13139152896.0,13139.152896,BTS,"13,139.15 MM",Large Cap,"IN(4,453) EQ(3,949)",1035294.45,1.0,-8300,IN(-44) EQ(-39),2021-12-17,3949,486595.78,-3900,18.550299,24.0
39,CDLX,79.24,2021-08-18T00:00:00.000000000,2021-08-18T00:00:00.000000000,0.02,1.0,9.0,pLvH,0,CDLX211217C00080000,80.0,11.1,0.41625,0.009591,Cardlytics Inc.,USD,33040100.0,2625696768.0,2625.696768,NGM,"2,625.70 MM",Mid Cap,,0.0,1.0,0,,2021-12-17,0,0.0,0,13.772455,2.0
40,CERN,80.16,2021-08-18T00:00:00.000000000,2021-08-18T00:00:00.000000000,0.66,0.02,4.0,p-vL,0,CERN211217C00082500,82.5,3.5,0.127273,0.029192,Cerner Corporation,USD,295585984.0,23691216896.0,23691.216896,NMS,"23,691.22 MM",Large Cap,,0.0,1.0,0,,2021-12-17,0,0.0,0,19.363397,26.0
41,CL,78.71,2021-08-18T00:00:00.000000000,2021-08-18T00:00:00.000000000,0.08,0.68,8.0,pLv-,0,CL211119C00080000,80.0,1.95,0.073125,0.016389,Colgate-Palmolive Company,USD,843513024.0,66384474112.0,66384.474112,NYQ,"66,384.47 MM",Large Cap,,0.0,1.0,0,,2021-11-19,0,0.0,0,16.76962,32.0
42,CME,203.2,2021-08-18T00:00:00.000000000,2021-08-18T00:00:00.000000000,0.0,0.13,7.0,pLvL,798,CME211119C00210000,210.0,5.3,0.075714,0.033465,CME Group Inc.,USD,359135008.0,72994791424.0,72994.791424,NMS,"72,994.79 MM",Large Cap,EQ(798),162153.6,1.0,0,,2021-11-19,798,162153.6,0,18.059264,27.0
43,CMG,1867.26,2021-08-18T00:00:00.000000000,2021-08-18T00:00:00.000000000,0.94,0.96,3.0,pHvH,0,CMG211217C02250000,2250.0,17.0,0.022667,0.204974,Chipotle Mexican Grill Inc.,USD,28094900.0,52510212096.0,52510.212096,NYQ,"52,510.21 MM",Large Cap,,0.0,1.0,0,,2021-12-17,0,0.0,0,19.719232,29.0
44,COIN,249.45,2021-08-18T00:00:00.000000000,,,,,,3845,COIN211217C00400000,400.0,4.0,0.03,0.603528,Coinbase Global Inc.,USD,141790000.0,65330954240.0,65330.95424,NMS,"65,330.95 MM",Large Cap,"IN(1,640) EQ(2,205)",959133.3,1.0,1800,IN(-10) EQ(--50) EQ(-22),2021-12-17,2205,550036.13,2800,,
45,COTY,8.06,2021-08-18T00:00:00.000000000,2021-08-18T00:00:00.000000000,0.11,0.28,8.0,pLv-,254449,COTY211119C00011000,11.0,0.22,0.06,0.364764,Coty Inc.,USD,766107008.0,6239481856.0,6239.481856,NYQ,"6,239.48 MM",Mid Cap,"OP(254,449)",2052131.18,1.0,0,,2021-11-19,0,0.0,0,19.375574,25.0
46,CRM,254.42,2021-08-18T00:00:00.000000000,2021-08-18T00:00:00.000000000,1.0,0.01,1.0,pHvL,6552,CRM211119C00290000,290.0,4.2,0.043448,0.139847,salesforce.com inc.,USD,971529024.0,247438737408.0,247438.737408,NYQ,"247,438.74 MM",Large Cap,"IN(3,119) EQ(3,433)",1666959.83,1.0,-6500,IN(-31) EQ(-34),2021-11-19,3433,873423.85,-3400,19.432348,33.0
47,CSU.TO,2077.7,2021-08-18T00:00:00.000000000,2021-08-18T00:00:00.000000000,1.0,1.0,3.0,pHvH,438,,,,,,Constellation Software Inc.,CAD,21191500.0,44077682688.0,34889.526013,TOR,"44,077.68 MM",Large Cap,IN(199) EQ(239),720332.91,1.2633,0,,,239,393058.37,0,,
48,CTVA,44.91,2021-08-18T00:00:00.000000000,2021-08-18T00:00:00.000000000,0.78,0.01,1.0,pHvL,18698,CTVA211217C00050000,50.0,1.0,0.06,0.113338,Corteva Inc.,USD,734185024.0,33130027008.0,33130.027008,NYQ,"33,130.03 MM",Large Cap,"IN(10,050) EQ(8,648)",839727.18,1.0,0,,2021-12-17,8648,388381.68,0,19.840208,6.0
49,DB1.DE,150.0,2021-08-18T00:00:00.000000000,2021-08-18T00:00:00.000000000,1.0,0.0,1.0,pHvL,7828,,,,,,Deutsche Börse AG,EUR,183520992.0,27555676160.0,32259.044908,GER,"27,555.68 MM",Large Cap,"IN(4,198) EQ(3,630)",1374619.53,0.8542,0,,,3630,637438.54,0,,
50,DD,75.13,2021-08-18T00:00:00.000000000,2021-08-18T00:00:00.000000000,0.23,0.0,7.0,pLvL,0,DD211015C00082500,82.5,0.46,0.033455,0.098097,DuPont de Nemours Inc.,USD,523056992.0,39365271552.0,39365.271552,NYQ,"39,365.27 MM",Large Cap,,0.0,1.0,0,,2021-10-15,0,0.0,0,14.854513,5.0
51,DEC.PA,22.94,2021-08-18T00:00:00.000000000,2021-08-18T00:00:00.000000000,0.2,0.4,8.0,pLv-,0,,,,,,JCDecaux SA,EUR,212868000.0,4891706368.0,5726.652269,PAR,"4,891.71 MM",Mid Cap,,0.0,0.8542,0,,,0,0.0,0,,
52,DHR,318.98,2021-08-18T00:00:00.000000000,2021-08-18T00:00:00.000000000,0.98,0.99,3.0,pHvH,0,DHR211217C00360000,360.0,4.5,0.0375,0.128597,Danaher Corporation,USD,713900032.0,227402153984.0,227402.153984,NYQ,"227,402.15 MM",Large Cap,,0.0,1.0,0,,2021-12-17,0,0.0,0,19.556558,17.0
53,DIS,175.71,2021-08-18T00:00:00.000000000,2021-08-18T00:00:00.000000000,0.28,0.04,4.0,p-vL,0,DIS211119C00195000,195.0,2.81,0.043231,0.109783,The Walt Disney Company,USD,1817129984.0,319724027904.0,319724.027904,NYQ,"319,724.03 MM",Large Cap,,0.0,1.0,0,,2021-11-19,0,0.0,0,19.840211,44.0
54,DPZ,526.38,2021-08-18T00:00:00.000000000,2021-08-18T00:00:00.000000000,0.86,0.79,3.0,pHvH,0,DPZ211217C00600000,600.0,6.8,0.034,0.139861,Domino's Pizza Inc.,USD,36854200.0,19394338816.0,19394.338816,NYQ,"19,394.34 MM",Large Cap,,0.0,1.0,0,,2021-12-17,0,0.0,0,18.343194,24.0
55,DUFN.SW,47.82,2021-08-18T00:00:00.000000000,2021-08-18T00:00:00.000000000,0.05,0.98,9.0,pLvH,0,,,,,,Dufry AG,CHF,90785696.0,4324122624.0,4705.042897,EBS,"4,324.12 MM",Mid Cap,,0.0,0.919,0,,,0,0.0,0,,
56,DXCM,509.49,2021-08-18T00:00:00.000000000,2021-08-18T00:00:00.000000000,0.89,0.8,3.0,pHvH,0,DXCM211217C00520000,520.0,37.6,0.216923,0.020628,DexCom Inc.,USD,96748896.0,49362251776.0,49362.251776,NMS,"49,362.25 MM",Large Cap,,0.0,1.0,0,,2021-12-17,0,0.0,0,24.367802,16.0
57,ECL,219.84,2021-08-18T00:00:00.000000000,2021-08-18T00:00:00.000000000,0.89,0.43,2.0,pHv-,0,ECL211015C00240000,240.0,0.85,0.02125,0.091703,Ecolab Inc.,USD,285936992.0,62864760832.0,62864.760832,NYQ,"62,864.76 MM",Large Cap,,0.0,1.0,0,,2021-10-15,0,0.0,0,19.7411,25.0
58,EDU,1.88,2021-08-18T00:00:00.000000000,2021-08-18T00:00:00.000000000,0.0,0.87,9.0,pLvH,833000,EDU211217C00005000,5.0,0.05,0.03,1.659574,New Oriental Education & Technology Group Inc.,USD,1701660032.0,3190612480.0,3190.61248,NYQ,"3,190.61 MM",Mid Cap,"IN(174,984) OP(500,581) EQ(157,435)",1561875.0,1.0,0,,2021-12-17,157435,295190.63,0,,
59,EFX,257.81,2021-08-18T00:00:00.000000000,2021-08-18T00:00:00.000000000,0.88,0.35,2.0,pHv-,0,EFX211119C00290000,290.0,3.7,0.038276,0.124859,Equifax Inc.,USD,121837000.0,31465625600.0,31465.6256,NYQ,"31,465.63 MM",Large Cap,,0.0,1.0,0,,2021-11-19,0,0.0,0,18.563684,21.0
60,EL,319.49,2021-08-18T00:00:00.000000000,2021-08-18T00:00:00.000000000,0.62,0.87,6.0,p-vH,0,EL211015C00350000,350.0,2.55,0.043714,0.095496,The Estée Lauder Companies Inc.,USD,233244992.0,116233134080.0,116233.13408,NYQ,"116,233.13 MM",Large Cap,,0.0,1.0,0,,2021-10-15,0,0.0,0,18.579206,23.0
61,EMR,102.6,2021-08-18T00:00:00.000000000,2021-08-18T00:00:00.000000000,0.88,1.0,3.0,pHvH,0,EMR211217C00105000,105.0,4.3,0.122857,0.023392,Emerson Electric Co.,USD,597800000.0,61403025408.0,61403.025408,NYQ,"61,403.03 MM",Large Cap,,0.0,1.0,0,,2021-12-17,0,0.0,0,19.736577,25.0
62,ETSY,191.08,2021-08-18T00:00:00.000000000,2021-08-18T00:00:00.000000000,0.59,0.0,4.0,p-vL,4117,ETSY211217C00270000,270.0,3.05,0.033889,0.413021,Etsy Inc.,USD,126577000.0,24266708992.0,24266.708992,NMS,"24,266.71 MM",Large Cap,"IN(2,045) EQ(2,072)",786676.37,1.0,0,,2021-12-17,2072,395917.76,0,18.231258,14.0
63,EVD.DE,57.48,2021-08-18T00:00:00.000000000,2021-08-18T00:00:00.000000000,0.65,0.27,5.0,p-v-,0,,,,,,CTS Eventim AG & Co. KGaA,EUR,95991296.0,5620291072.0,6579.596198,GER,"5,620.29 MM",Mid Cap,,0.0,0.8542,0,,,0,0.0,0,,
64,EXPN.L,3176.0,2021-08-18T00:00:00.000000000,2021-08-18T00:00:00.000000000,0.87,0.87,3.0,pHvH,0,,,,,,Experian plc,GBp,921955008.0,29327388672.0,29327.388672,LSE,"29,327.39 MM",Large Cap,,0.0,1.0,0,,,0,0.0,0,,
65,FAST,54.49,2021-08-18T00:00:00.000000000,2021-08-18T00:00:00.000000000,0.76,1.0,3.0,pHvH,0,FAST211119C00055000,55.0,2.35,0.128182,0.00936,Fastenal Company,USD,574739008.0,31300286464.0,31300.286464,NMS,"31,300.29 MM",Large Cap,,0.0,1.0,0,,2021-11-19,0,0.0,0,17.9941,23.0
66,FB,357.53,2021-08-18T00:00:00.000000000,2021-08-18T00:00:00.000000000,0.64,0.17,4.0,p-vL,4081,FB211119C00405000,405.0,5.35,0.03963,0.132772,Facebook Inc.,USD,2147483647.0,1009190174720.0,1009190.17472,NMS,"1,009,190.17 MM",Large Cap,"IN(2,122) EQ(1,959)",1459079.93,1.0,-4000,IN(-21) EQ(-19),2021-11-19,1959,700401.27,-1900,18.006388,48.0
67,FLT,261.79,2021-08-18T00:00:00.000000000,2021-08-18T00:00:00.000000000,0.6,0.0,4.0,p-vL,3976,FLT211119C00290000,290.0,5.2,0.053793,0.107758,FLEETCOR Technologies Inc.,USD,82604096.0,21697619968.0,21697.619968,NYQ,"21,697.62 MM",Large Cap,"IN(2,020) EQ(1,956)",1040857.18,1.0,0,,2021-11-19,1956,512051.47,0,17.214971,21.0
68,FMX,87.08,2021-08-18T00:00:00.000000000,2021-08-18T00:00:00.000000000,0.72,0.38,5.0,p-v-,0,FMX211015C00095000,95.0,0.6,0.031579,0.090951,Fomento Económico Mexicano S.A.B. de C.V.,USD,357823008.0,31175329792.0,31175.329792,NYQ,"31,175.33 MM",Large Cap,,0.0,1.0,0,,2021-10-15,0,0.0,0,19.792365,23.0
69,FTDR,42.13,2021-08-18T00:00:00.000000000,2021-08-18T00:00:00.000000000,0.0,1.0,9.0,pLvH,13939,FTDR211015C00055000,55.0,1.25,0.045455,0.305483,Frontdoor Inc.,USD,85747104.0,3681663488.0,3681.663488,NMS,"3,681.66 MM",Mid Cap,"IN(7,965) EQ(5,974)",587319.74,1.0,0,,2021-10-15,5974,251714.48,0,19.172796,5.0
70,FTV,74.31,2021-08-18T00:00:00.000000000,2021-08-18T00:00:00.000000000,0.78,1.0,3.0,pHvH,0,FTV211217C00080000,80.0,1.65,0.061875,0.076571,Fortive Corporation,USD,358391008.0,26606948352.0,26606.948352,NYQ,"26,606.95 MM",Large Cap,,0.0,1.0,0,,2021-12-17,0,0.0,0,,
71,FUL,66.23,2021-08-18T00:00:00.000000000,2021-08-18T00:00:00.000000000,0.61,0.58,5.0,p-v-,0,FUL211119C00075000,75.0,0.55,0.022,0.132417,H.B. Fuller Company,USD,52534600.0,3491712000.0,3491.712,NYQ,"3,491.71 MM",Mid Cap,,0.0,1.0,0,,2021-11-19,0,0.0,0,19.968015,20.0
72,GDDY,70.38,2021-08-18T00:00:00.000000000,2021-08-18T00:00:00.000000000,0.01,1.0,9.0,pLvH,0,GDDY211119C00080000,80.0,1.2,0.045,0.136687,GoDaddy Inc.,USD,168830000.0,11915697152.0,11915.697152,NYQ,"11,915.70 MM",Large Cap,,0.0,1.0,0,,2021-11-19,0,0.0,0,19.588612,22.0
73,GGG,76.57,2021-08-18T00:00:00.000000000,2021-08-18T00:00:00.000000000,0.64,0.97,6.0,p-vH,0,GGG211119C00085000,85.0,0.6,0.021176,0.110095,Graco Inc.,USD,169742000.0,12976775168.0,12976.775168,NYQ,"12,976.78 MM",Large Cap,,0.0,1.0,0,,2021-11-19,0,0.0,0,18.330465,17.0
74,GOOGL,2733.59,2021-08-18T00:00:00.000000000,2021-08-18T00:00:00.000000000,0.91,1.0,3.0,pHvH,265,GOOGL211119C03100000,3100.0,25.2,0.024387,0.13404,Alphabet Inc.,USD,301084992.0,1827114582016.0,1827114.582016,NMS,"1,827,114.58 MM",Large Cap,IN(97) EQ(168),724401.37,1.0,-100,EQ(-1),2021-11-19,168,459243.13,-100,19.278228,44.0
75,GRF.MC,20.54,2021-08-18T00:00:00.000000000,2021-08-18T00:00:00.000000000,0.05,1.0,9.0,pLvH,0,,,,,,Grifols S.A.,EUR,426129984.0,11957095424.0,13998.004477,MCE,"11,957.10 MM",Large Cap,,0.0,0.8542,0,,,0,0.0,0,,
76,GRMN,166.21,2021-08-18T00:00:00.000000000,2021-08-18T00:00:00.000000000,0.91,1.0,3.0,pHvH,59,GRMN211015C00180000,180.0,1.1,0.036667,0.082967,Garmin Ltd.,USD,192322000.0,32015902720.0,32015.90272,NMS,"32,015.90 MM",Large Cap,IN(59),9806.1,1.0,0,,2021-10-15,0,0.0,0,17.817659,20.0
77,HEIA.AS,95.04,2021-08-18T00:00:00.000000000,2021-08-18T00:00:00.000000000,0.2,0.58,8.0,pLv-,6738,,,,,,Heineken N.V.,EUR,575740032.0,54695301120.0,64031.024491,AMS,"54,695.30 MM",Large Cap,"IN(4,108) EQ(2,630)",749683.36,0.8542,0,,,2630,292619.06,0,,
78,HHC,87.94,2021-08-18T00:00:00.000000000,2021-08-18T00:00:00.000000000,0.07,0.65,8.0,pLv-,0,HHC211015C00115000,115.0,0.38,0.013217,0.30771,The Howard Hughes Corporation,USD,55126300.0,4912384000.0,4912.384,NYQ,"4,912.38 MM",Mid Cap,,0.0,1.0,0,,2021-10-15,0,0.0,0,18.407868,22.0
79,HON,230.92,2021-08-18T00:00:00.000000000,2021-08-18T00:00:00.000000000,0.87,1.0,3.0,pHvH,0,HON211217C00250000,250.0,4.2,0.0504,0.082626,Honeywell International Inc.,USD,690398976.0,159461457920.0,159461.45792,NMS,"159,461.46 MM",Large Cap,,0.0,1.0,0,,2021-12-17,0,0.0,0,13.12909,7.0
80,HUYA,9.43,2021-08-18T00:00:00.000000000,2021-08-18T00:00:00.000000000,0.0,1.0,9.0,pLvH,0,HUYA211015C00027000,27.0,0.35,0.038889,1.863203,HUYA Inc.,USD,236243008.0,2218321920.0,2218.32192,NYQ,"2,218.32 MM",Mid Cap,,0.0,1.0,0,,2021-10-15,0,0.0,0,,
81,ILMN,521.01,2021-08-18T00:00:00.000000000,2021-08-18T00:00:00.000000000,0.96,0.26,2.0,pHv-,0,ILMN211217C00560000,560.0,22.6,0.121071,0.074835,Illumina Inc.,USD,146700000.0,76770607104.0,76770.607104,NMS,"76,770.61 MM",Large Cap,,0.0,1.0,0,,2021-12-17,0,0.0,0,19.457848,22.0
82,INFO,117.6,2021-08-18T00:00:00.000000000,2021-08-18T00:00:00.000000000,0.8,0.69,2.0,pHv-,0,INFO211015C00135000,135.0,1.02,0.045333,0.147959,IHS Markit Ltd.,USD,398612000.0,46902681600.0,46902.6816,NYQ,"46,902.68 MM",Large Cap,,0.0,1.0,0,,2021-10-15,0,0.0,0,19.553669,18.0
83,INTU,538.41,2021-08-18T00:00:00.000000000,2021-08-18T00:00:00.000000000,0.94,0.18,1.0,pHvL,1056,INTU211217C00640000,640.0,3.8,0.017813,0.188685,Intuit Inc.,USD,273259008.0,149097267200.0,149097.2672,NMS,"149,097.27 MM",Large Cap,IN(456) EQ(600),568560.93,1.0,-1000,IN(-4) EQ(-6),2021-12-17,600,323045.98,-600,15.086836,23.0
84,IPGP,166.15,2021-08-18T00:00:00.000000000,2021-08-18T00:00:00.000000000,0.0,1.0,9.0,pLvH,0,IPGP211119C00175000,175.0,8.7,0.149143,0.053265,IPG Photonics Corporation,USD,53497000.0,8910192640.0,8910.19264,NMS,"8,910.19 MM",Mid Cap,,0.0,1.0,0,,2021-11-19,0,0.0,0,17.267661,18.0
85,ISRG,1045.82,2021-08-18T00:00:00.000000000,2021-08-18T00:00:00.000000000,1.0,0.79,3.0,pHvH,0,ISRG211015C01180000,1180.0,8.5,0.04322,0.128301,Intuitive Surgical Inc.,USD,118899000.0,124087754752.0,124087.754752,NMS,"124,087.75 MM",Large Cap,,0.0,1.0,0,,2021-10-15,0,0.0,0,19.608598,24.0
86,IT,306.95,2021-08-18T00:00:00.000000000,2021-08-18T00:00:00.000000000,0.96,1.0,3.0,pHvH,0,IT211217C00350000,350.0,7.3,0.041714,0.140251,Gartner Inc.,USD,83648800.0,25624756224.0,25624.756224,NYQ,"25,624.76 MM",Large Cap,,0.0,1.0,0,,2021-12-17,0,0.0,0,17.069905,20.0
87,ITW,231.13,2021-08-18T00:00:00.000000000,2021-08-18T00:00:00.000000000,0.76,0.05,1.0,pHvL,0,ITW211217C00240000,240.0,7.0,0.0875,0.038377,Illinois Tool Works Inc.,USD,314968000.0,73432473600.0,73432.4736,NYQ,"73,432.47 MM",Large Cap,,0.0,1.0,0,,2021-12-17,0,0.0,0,19.717855,26.0
88,JKHY,170.15,2021-08-18T00:00:00.000000000,2021-08-18T00:00:00.000000000,0.55,0.36,5.0,p-v-,4841,JKHY211217C00190000,190.0,2.55,0.026842,0.116662,Jack Henry & Associates Inc.,USD,74185600.0,12694639616.0,12694.639616,NMS,"12,694.64 MM",Large Cap,"IN(2,523) EQ(2,318)",823720.35,1.0,-4800,IN(-25) EQ(-23),2021-12-17,2318,394419.29,-2300,17.947712,20.0
89,JNJ,178.38,2021-08-18T00:00:00.000000000,2021-08-18T00:00:00.000000000,0.94,1.0,3.0,pHvH,1832,JNJ211015C00190000,190.0,0.86,0.027158,0.065142,Johnson & Johnson,USD,2147483647.0,468081246208.0,468081.246208,NYQ,"468,081.25 MM",Large Cap,"IN(1,832)",326792.17,1.0,0,,2021-10-15,0,0.0,0,18.261152,43.0
90,KOF,58.38,2021-08-18T00:00:00.000000000,2021-08-18T00:00:00.000000000,0.93,1.0,3.0,pHvH,0,KOF211119C00060000,60.0,1.35,0.0675,0.027749,Coca-Cola FEMSA S.A.B. de C.V.,USD,210083008.0,12235234304.0,12235.234304,NYQ,"12,235.23 MM",Large Cap,,0.0,1.0,0,,2021-11-19,0,0.0,0,15.955476,20.0
91,KRN.DE,86.9,2021-08-18T00:00:00.000000000,2021-08-18T00:00:00.000000000,0.82,1.0,3.0,pHvH,1081,,,,,,Krones AG,EUR,31593100.0,2743860736.0,3212.19941,GER,"2,743.86 MM",Mid Cap,"OP(1,081)",109972.96,0.8542,0,,,0,0.0,0,,
92,LIN,311.94,2021-08-18T00:00:00.000000000,2021-08-18T00:00:00.000000000,1.0,1.0,3.0,pHvH,0,LIN211217C00350000,350.0,1.7,0.014571,0.122011,Linde plc,USD,516411008.0,161414594560.0,161414.59456,NYQ,"161,414.59 MM",Large Cap,,0.0,1.0,0,,2021-12-17,0,0.0,0,15.056912,5.0
93,LMT,358.93,2021-08-18T00:00:00.000000000,2021-08-18T00:00:00.000000000,0.03,1.0,9.0,pLvH,1786,LMT211217C00385000,385.0,5.2,0.040519,0.072633,Lockheed Martin Corporation,USD,276916000.0,99426689024.0,99426.689024,NYQ,"99,426.69 MM",Large Cap,"IN(774) EQ(1,012)",641048.97,1.0,0,,2021-12-17,1012,363237.15,0,12.872354,27.0
94,LONN.SW,754.2,2021-08-18T00:00:00.000000000,2021-08-18T00:00:00.000000000,1.0,0.13,1.0,pHvL,0,,,,,,Lonza Group Ltd,CHF,74283104.0,56024317952.0,60959.607799,EBS,"56,024.32 MM",Large Cap,,0.0,0.919,0,,,0,0.0,0,,
95,LYFT,50.38,2021-08-18T00:00:00.000000000,2021-08-18T00:00:00.000000000,0.09,0.29,8.0,pLv-,0,LYFT211119C00060000,60.0,1.64,0.082,0.190949,Lyft Inc.,USD,326472000.0,16948100096.0,16948.100096,NMS,"16,948.10 MM",Large Cap,,0.0,1.0,0,,2021-11-19,0,0.0,0,15.452931,8.0
96,MA,364.24,2021-08-18T00:00:00.000000000,2021-08-18T00:00:00.000000000,0.07,0.76,9.0,pLvH,0,MA211119C00405000,405.0,5.25,0.038889,0.111904,Mastercard Incorporated,USD,978828992.0,359255179264.0,359255.179264,NYQ,"359,255.18 MM",Large Cap,,0.0,1.0,0,,2021-11-19,0,0.0,0,18.590466,29.0
97,MANU,17.02,2021-08-18T00:00:00.000000000,2021-08-18T00:00:00.000000000,1.0,0.9,3.0,pHvH,61431,MANU211217C00017000,17.0,0.9,0.158824,-0.001175,Manchester United plc,USD,43231600.0,2769963008.0,2769.963008,NYQ,"2,769.96 MM",Mid Cap,"IN(35,070) EQ(26,361)",1045561.76,1.0,0,,2021-12-17,26361,448666.86,0,19.617225,22.0
98,MCHP,145.95,2021-08-18T00:00:00.000000000,2021-08-18T00:00:00.000000000,0.59,0.5,5.0,p-v-,0,MCHP211015C00210000,210.0,0.08,0.001524,0.438849,Microchip Technology Incorporated,USD,274040000.0,40042725376.0,40042.725376,NMS,"40,042.73 MM",Large Cap,,0.0,1.0,0,,2021-10-15,0,0.0,0,18.46002,25.0
99,MCO,377.12,2021-08-18T00:00:00.000000000,2021-08-18T00:00:00.000000000,0.8,0.37,2.0,pHv-,0,MCO211119C00400000,400.0,7.7,0.05775,0.06067,Moody's Corporation,USD,186200000.0,70411526144.0,70411.526144,NYQ,"70,411.53 MM",Large Cap,,0.0,1.0,0,,2021-11-19,0,0.0,0,15.811709,21.0
100,MDLZ,63.35,2021-08-18T00:00:00.000000000,2021-08-18T00:00:00.000000000,0.46,0.12,4.0,p-vL,0,MDLZ211217C00065000,65.0,1.7,0.078462,0.026046,Mondelez International Inc.,USD,1397820032.0,88495988736.0,88495.988736,NMS,"88,495.99 MM",Large Cap,,0.0,1.0,0,,2021-12-17,0,0.0,0,18.019567,34.0
101,ME,8.19,2021-08-18T00:00:00.000000000,2021-08-18T00:00:00.000000000,0.15,1.0,9.0,pLvH,117375,ME211217C00010000,10.0,0.7,0.21,0.221001,23andMe Holding Co.,USD,93026600.0,3331577088.0,3331.577088,NMS,"3,331.58 MM",Mid Cap,"IN(55,742) EQ(61,633)",961301.25,1.0,0,,2021-12-17,61633,504774.27,0,,
102,MELI,1790.01,2021-08-18T00:00:00.000000000,2021-08-18T00:00:00.000000000,0.83,0.93,3.0,pHvH,622,MELI211119C02000000,2000.0,65.1,0.09765,0.117312,MercadoLibre Inc.,USD,49711600.0,90621362176.0,90621.362176,NMS,"90,621.36 MM",Large Cap,IN(353) EQ(269),1113383.11,1.0,-400,IN(-2) EQ(-2),2021-11-19,269,481511.35,-200,19.155873,21.0
103,MKTX,469.73,2021-08-18T00:00:00.000000000,2021-08-18T00:00:00.000000000,0.63,0.13,4.0,p-vL,0,MKTX211119C00540000,540.0,5.6,0.031111,0.149597,MarketAxess Holdings Inc.,USD,38000400.0,17860569088.0,17860.569088,NMS,"17,860.57 MM",Large Cap,,0.0,1.0,0,,2021-11-19,0,0.0,0,18.286168,18.0
104,MLM,379.97,2021-08-18T00:00:00.000000000,2021-08-18T00:00:00.000000000,0.81,1.0,3.0,pHvH,0,MLM211217C00430000,430.0,7.7,0.035814,0.131668,Martin Marietta Materials Inc.,USD,62377300.0,23687155712.0,23687.155712,NYQ,"23,687.16 MM",Large Cap,,0.0,1.0,0,,2021-12-17,0,0.0,0,16.917446,19.0
105,MMM,197.26,2021-08-18T00:00:00.000000000,2021-08-18T00:00:00.000000000,0.49,0.0,4.0,p-vL,0,MMM211015C00210000,210.0,1.19,0.034,0.064585,3M Company,USD,578638016.0,115703062528.0,115703.062528,NYQ,"115,703.06 MM",Large Cap,,0.0,1.0,0,,2021-10-15,0,0.0,0,17.014543,40.0
106,MRNA,395.56,2021-08-18T00:00:00.000000000,2021-08-18T00:00:00.000000000,0.69,1.0,6.0,p-vH,441,MRNA211015C00650000,650.0,4.2,0.038769,0.64324,Moderna Inc.,USD,403646016.0,159113216000.0,159113.216,NMS,"159,113.22 MM",Large Cap,EQ(441),174440.86,1.0,0,,2021-10-15,441,174440.86,0,,
107,MSCI,620.3,2021-08-18T00:00:00.000000000,2021-08-18T00:00:00.000000000,0.94,0.92,3.0,pHvH,0,MSCI211119C00640000,640.0,27.1,0.127031,0.031759,MSCI Inc.,USD,82442304.0,51178942464.0,51178.942464,NYQ,"51,178.94 MM",Large Cap,,0.0,1.0,0,,2021-11-19,0,0.0,0,15.379398,15.0
108,MSFT,293.31,2021-08-18T00:00:00.000000000,2021-08-18T00:00:00.000000000,0.97,0.7,2.0,pHv-,3441,MSFT211119C00320000,320.0,3.7,0.034687,0.090996,Microsoft Corporation,USD,2147483647.0,2203816820736.0,2203816.820736,NMS,"2,203,816.82 MM",Large Cap,"IN(1,732) EQ(1,709)",1009279.7,1.0,-3400,IN(-17) EQ(-17),2021-11-19,1709,501266.79,-1700,19.607002,58.0
109,MSGN,0.0,2021-08-17T00:00:00.000000000,2021-08-17T00:00:00.000000000,0.0,0.99,9.0,pLvH,0,,,,,,,,,,,,,,,0.0,1.0,0,,,0,0.0,0,19.760484,14.0
110,MTB,138.76,2021-08-18T00:00:00.000000000,2021-08-18T00:00:00.000000000,0.34,0.48,5.0,p-v-,0,MTB211015C00155000,155.0,1.05,0.033871,0.117037,M&T Bank Corporation,USD,128678000.0,18000189440.0,18000.18944,NYQ,"18,000.19 MM",Large Cap,,0.0,1.0,0,,2021-10-15,0,0.0,0,15.012109,23.0
111,MTN,285.86,2021-08-18T00:00:00.000000000,2021-08-18T00:00:00.000000000,0.0,0.81,9.0,pLvH,0,MTN211015C00330000,330.0,1.55,0.023485,0.154411,Vail Resorts Inc.,USD,40268300.0,11896492032.0,11896.492032,NYQ,"11,896.49 MM",Large Cap,,0.0,1.0,0,,2021-10-15,0,0.0,0,17.448655,22.0
112,MTX.DE,202.8,2021-08-18T00:00:00.000000000,2021-08-18T00:00:00.000000000,0.33,0.45,5.0,p-v-,12260,,,,,,MTU Aero Engines AG,EUR,53238600.0,10748872704.0,12583.555027,GER,"10,748.87 MM",Large Cap,"IN(2,974) OP(6,508) EQ(2,778)",2910709.48,0.8542,0,,,2778,659539.23,0,,
113,NDSN,227.54,2021-08-18T00:00:00.000000000,2021-08-18T00:00:00.000000000,0.86,0.12,1.0,pHvL,0,NDSN211217C00230000,230.0,10.1,0.087826,0.010811,Nordson Corporation,USD,58128600.0,13233557504.0,13233.557504,NMS,"13,233.56 MM",Large Cap,,0.0,1.0,0,,2021-12-17,0,0.0,0,19.443292,20.0
114,NOK,5.99,2021-08-18T00:00:00.000000000,2021-08-18T00:00:00.000000000,0.76,0.39,2.0,pHv-,330195,NOK211015C00008000,8.0,0.05,0.0375,0.335559,Nokia Corporation,USD,2147483647.0,34601709568.0,34601.709568,NYQ,"34,601.71 MM",Large Cap,"OP(330,195)",1977868.05,1.0,0,,2021-10-15,0,0.0,0,,
115,NTES,83.46,2021-08-18T00:00:00.000000000,2021-08-18T00:00:00.000000000,0.0,1.0,9.0,pLvH,0,NTES211119C00105000,105.0,1.6,0.045714,0.258088,NetEase Inc.,USD,670980992.0,55912845312.0,55912.845312,NMS,"55,912.85 MM",Large Cap,,0.0,1.0,0,,2021-11-19,0,0.0,0,18.004649,21.0
116,NVDA,193.82,2021-08-18T00:00:00.000000000,2021-08-18T00:00:00.000000000,0.61,0.0,4.0,p-vL,0,NVDA211119C00225000,225.0,5.05,0.067333,0.160871,NVIDIA Corporation,USD,2147483647.0,484843520000.0,484843.52,NMS,"484,843.52 MM",Large Cap,,0.0,1.0,0,,2021-11-19,0,0.0,0,19.799608,25.0
117,OI,15.0,2021-08-18T00:00:00.000000000,2021-08-18T00:00:00.000000000,0.15,0.38,8.0,pLv-,0,OI211119C00018000,18.0,0.3,0.05,0.2,O-I Glass Inc.,USD,157284000.0,2358473472.0,2358.473472,NYQ,"2,358.47 MM",Mid Cap,,0.0,1.0,0,,2021-11-19,0,0.0,0,12.936345,20.0
118,OTIS,91.37,2021-08-18T00:00:00.000000000,2021-08-18T00:00:00.000000000,0.96,0.97,3.0,pHvH,0,OTIS211217C00100000,100.0,1.25,0.0375,0.094451,Otis Worldwide Corporation,USD,426779008.0,39007600640.0,39007.60064,NYQ,"39,007.60 MM",Large Cap,,0.0,1.0,0,,2021-12-17,0,0.0,0,27.551023,2.0
119,PANW,364.72,2021-08-18T00:00:00.000000000,2021-08-18T00:00:00.000000000,0.24,0.41,8.0,pLv-,0,PANW211217C00410000,410.0,11.3,0.082683,0.12415,Palo Alto Networks Inc.,USD,97390896.0,35544756224.0,35544.756224,NYQ,"35,544.76 MM",Large Cap,,0.0,1.0,0,,2021-12-17,0,0.0,0,18.81,22.0
120,PAYX,116.68,2021-08-18T00:00:00.000000000,2021-08-18T00:00:00.000000000,0.91,0.98,3.0,pHvH,0,PAYX211217C00125000,125.0,2.0,0.048,0.071306,Paychex Inc.,USD,359830016.0,41988567040.0,41988.56704,NMS,"41,988.57 MM",Large Cap,,0.0,1.0,0,,2021-12-17,0,0.0,0,16.23402,25.0
121,PDD,80.34,2021-08-18T00:00:00.000000000,2021-08-18T00:00:00.000000000,0.02,1.0,9.0,pLvH,5253,PDD211119C00115000,115.0,1.53,0.039913,0.431416,Pinduoduo Inc.,USD,1253289984.0,100789575680.0,100789.57568,NMS,"100,789.58 MM",Large Cap,"EQ(5,253)",422026.0,1.0,0,,2021-11-19,5253,422026.0,0,,
122,PEP,156.69,2021-08-18T00:00:00.000000000,2021-08-18T00:00:00.000000000,0.9,0.99,3.0,pHvH,2486,PEP211015C00165000,165.0,0.94,0.034182,0.053035,PepsiCo Inc.,USD,1382109952.0,216505024512.0,216505.024512,NMS,"216,505.02 MM",Large Cap,"IN(1,348) EQ(1,138)",389531.34,1.0,-2400,IN(-13) EQ(-11),2021-10-15,1138,178313.22,-1100,18.106659,34.0
123,PFPT,174.79,2021-08-18T00:00:00.000000000,2021-08-18T00:00:00.000000000,0.89,0.0,1.0,pHvL,0,PFPT211119C00175000,175.0,0.95,0.016286,0.001201,Proofpoint Inc.,USD,57757900.0,10096080896.0,10096.080896,NMS,"10,096.08 MM",Large Cap,,0.0,1.0,0,,2021-11-19,0,0.0,0,18.764846,19.0
124,PH,295.52,2021-08-18T00:00:00.000000000,2021-08-18T00:00:00.000000000,0.45,0.51,5.0,p-v-,0,PH211119C00320000,320.0,4.7,0.044063,0.082837,Parker-Hannifin Corporation,USD,129056000.0,38128304128.0,38128.304128,NYQ,"38,128.30 MM",Large Cap,,0.0,1.0,0,,2021-11-19,0,0.0,0,19.23945,21.0
125,PLAY,34.24,2021-08-18T00:00:00.000000000,2021-08-18T00:00:00.000000000,0.14,0.84,9.0,pLvH,73068,PLAY211217C00035000,35.0,4.25,0.364286,0.022196,Dave & Buster's Entertainment Inc.,USD,48157800.0,1648923136.0,1648.923136,NMS,"1,648.92 MM",Small Cap,"OP(73,068)",2501848.47,1.0,0,,2021-12-17,0,0.0,0,19.846593,18.0
126,PXD,146.35,2021-08-18T00:00:00.000000000,2021-08-18T00:00:00.000000000,0.32,0.7,5.0,p-v-,0,PXD211119C00175000,175.0,2.25,0.038571,0.195764,Pioneer Natural Resources Company,USD,243959008.0,36332503040.0,36332.50304,NYQ,"36,332.50 MM",Large Cap,,0.0,1.0,0,,2021-11-19,0,0.0,0,16.848031,26.0
127,PYPL,271.85,2021-08-18T00:00:00.000000000,2021-08-18T00:00:00.000000000,0.18,0.25,7.0,pLvL,0,PYPL211119C00320000,320.0,3.1,0.029062,0.17712,PayPal Holdings Inc.,USD,1175030016.0,319537676288.0,319537.676288,NMS,"319,537.68 MM",Large Cap,,0.0,1.0,0,,2021-11-19,0,0.0,0,19.130345,25.0
128,RACE,218.79,2021-08-18T00:00:00.000000000,2021-08-18T00:00:00.000000000,0.73,1.0,6.0,p-vH,0,RACE211119C00230000,230.0,6.7,0.087391,0.051236,Ferrari N.V.,USD,184340000.0,54084521984.0,54084.521984,NYQ,"54,084.52 MM",Large Cap,,0.0,1.0,0,,2021-11-19,0,0.0,0,19.482711,24.0
129,RADL3.SA,25.18,2021-08-18T00:00:00.000000000,2021-08-18T00:00:00.000000000,0.17,0.0,7.0,pLvL,0,,,,,,Raia Drogasil S.A.,BRL,1650160000.0,41633538048.0,7808.826253,SAO,"41,633.54 MM",Large Cap,,0.0,5.3316,0,,,0,0.0,0,,
130,REAL,12.78,2021-08-18T00:00:00.000000000,2021-08-18T00:00:00.000000000,0.04,0.41,8.0,pLv-,187325,REAL211119C00020000,20.0,0.3,0.045,0.564945,The RealReal Inc.,USD,91567504.0,1170232704.0,1170.232704,NMS,"1,170.23 MM",Small Cap,"IN(17,888) OP(150,054) EQ(19,383)",2394032.23,1.0,0,,2021-11-19,19383,247716.68,0,16.009281,3.0
131,RGEN,260.33,2021-08-18T00:00:00.000000000,2021-08-18T00:00:00.000000000,1.0,1.0,3.0,pHvH,0,RGEN211119C00270000,270.0,14.3,0.158889,0.037145,Repligen Corporation,USD,54977200.0,14308366336.0,14308.366336,NMS,"14,308.37 MM",Large Cap,,0.0,1.0,0,,2021-11-19,0,0.0,0,19.760472,12.0
132,RH,686.0,2021-08-18T00:00:00.000000000,2021-08-18T00:00:00.000000000,0.59,0.0,4.0,p-vL,2027,RH211119C00860000,860.0,11.6,0.040465,0.253644,RH,USD,21030400.0,14416233472.0,14416.233472,NYQ,"14,416.23 MM",Large Cap,"IN(1,046) EQ(981)",1390522.0,1.0,-1800,IN(-10) EQ(-8),2021-11-19,981,672966.0,-800,19.345983,20.0
133,RI.PA,185.1,2021-08-18T00:00:00.000000000,2021-08-18T00:00:00.000000000,0.79,0.0,1.0,pHvL,344,,,,,,Pernod Ricard SA,EUR,260911008.0,48372899840.0,56629.477687,PAR,"48,372.90 MM",Large Cap,EQ(344),74542.73,0.8542,0,,,344,74542.73,0,,
134,ROK,312.33,2021-08-18T00:00:00.000000000,2021-08-18T00:00:00.000000000,0.86,1.0,3.0,pHvH,0,ROK211217C00350000,350.0,4.1,0.023429,0.12061,Rockwell Automation Inc.,USD,116026000.0,36182708224.0,36182.708224,NYQ,"36,182.71 MM",Large Cap,,0.0,1.0,0,,2021-12-17,0,0.0,0,17.895766,21.0
135,ROP,481.27,2021-08-18T00:00:00.000000000,2021-08-18T00:00:00.000000000,0.68,0.4,5.0,p-v-,1617,ROP211119C00510000,510.0,8.1,0.047647,0.059696,Roper Technologies Inc.,USD,105424000.0,50727391232.0,50727.391232,NYQ,"50,727.39 MM",Large Cap,IN(773) EQ(844),778213.57,1.0,-1500,IN(-7) EQ(-8),2021-11-19,844,406191.87,-800,18.948824,21.0
136,RPM,84.83,2021-08-18T00:00:00.000000000,2021-08-18T00:00:00.000000000,0.01,0.0,7.0,pLvL,0,RPM211119C00090000,90.0,1.7,0.056667,0.060945,RPM International Inc.,USD,129774000.0,11015866368.0,11015.866368,NYQ,"11,015.87 MM",Large Cap,,0.0,1.0,0,,2021-11-19,0,0.0,0,18.305007,17.0
137,RTX,86.86,2021-08-18T00:00:00.000000000,2021-08-18T00:00:00.000000000,0.7,0.0,4.0,p-vL,0,RTX211119C00095000,95.0,1.08,0.034105,0.093714,Raytheon Technologies Corporation,USD,1507879936.0,130891522048.0,130891.522048,NYQ,"130,891.52 MM",Large Cap,,0.0,1.0,0,,2021-11-19,0,0.0,0,15.416319,3.0
138,SABR,10.78,2021-08-18T00:00:00.000000000,2021-08-18T00:00:00.000000000,0.07,0.8,9.0,pLvH,146057,SABR211217C00014000,14.0,0.32,0.068571,0.298701,Sabre Corporation,USD,322656992.0,3486308864.0,3486.308864,NMS,"3,486.31 MM",Mid Cap,"OP(146,057)",1573764.18,1.0,0,,2021-12-17,0,0.0,0,19.645848,13.0
139,SAM,617.42,2021-08-18T00:00:00.000000000,2021-08-18T00:00:00.000000000,0.0,1.0,9.0,pLvH,0,SAM211217C00810000,810.0,10.2,0.037778,0.311911,The Boston Beer Company Inc.,USD,10203800.0,7596170240.0,7596.17024,NYQ,"7,596.17 MM",Mid Cap,,0.0,1.0,0,,2021-12-17,0,0.0,0,16.585185,18.0
140,SBUX,116.04,2021-08-18T00:00:00.000000000,2021-08-18T00:00:00.000000000,0.42,0.91,6.0,p-vH,0,SBUX211119C00125000,125.0,2.1,0.0504,0.077215,Starbucks Corporation,USD,1179100032.0,136634105856.0,136634.105856,NMS,"136,634.11 MM",Large Cap,,0.0,1.0,0,,2021-11-19,0,0.0,0,19.783622,33.0
141,SFER.MI,17.4,2021-08-18T00:00:00.000000000,2021-08-18T00:00:00.000000000,0.28,0.82,6.0,p-vH,0,,,,,,Salvatore Ferragamo S.p.A.,EUR,168640000.0,2939395328.0,3441.109024,MIL,"2,939.40 MM",Mid Cap,,0.0,0.8542,0,,,0,0.0,0,,
142,SHOP,1503.59,2021-08-18T00:00:00.000000000,2021-08-18T00:00:00.000000000,0.67,0.27,5.0,p-v-,0,SHOP211217C02000000,2000.0,24.4,0.0366,0.33015,Shopify Inc.,USD,113224000.0,188619325440.0,188619.32544,NYQ,"188,619.33 MM",Large Cap,,0.0,1.0,0,,2021-12-17,0,0.0,0,18.763409,15.0
143,SHW,302.86,2021-08-18T00:00:00.000000000,2021-08-18T00:00:00.000000000,0.88,0.83,3.0,pHvH,0,SHW211217C00310000,310.0,10.5,0.101613,0.023575,The Sherwin-Williams Company,USD,263302000.0,80338984960.0,80338.98496,NYQ,"80,338.98 MM",Large Cap,,0.0,1.0,0,,2021-12-17,0,0.0,0,18.230763,22.0
144,SMWH.L,1643.5,2021-08-18T00:00:00.000000000,2021-08-18T00:00:00.000000000,0.58,0.0,4.0,p-vL,0,,,,,,WH Smith PLC,GBp,130909000.0,2146253056.0,2146.253056,LSE,"2,146.25 MM",Mid Cap,,0.0,1.0,0,,,0,0.0,0,,
145,SNPS,293.02,2021-08-18T00:00:00.000000000,2021-08-18T00:00:00.000000000,0.96,0.13,1.0,pHvL,0,SNPS211119C00300000,300.0,11.5,0.115,0.023821,Synopsys Inc.,USD,152575008.0,44684808192.0,44684.808192,NMS,"44,684.81 MM",Large Cap,,0.0,1.0,0,,2021-11-19,0,0.0,0,19.080336,19.0
146,SONO,38.9,2021-08-18T00:00:00.000000000,2021-08-18T00:00:00.000000000,0.87,0.24,1.0,pHvL,0,SONO211217C00045000,45.0,2.61,0.174,0.156812,Sonos Inc.,USD,125771000.0,4869853184.0,4869.853184,NMS,"4,869.85 MM",Mid Cap,,0.0,1.0,0,,2021-12-17,0,0.0,0,15.740741,3.0
147,SPGI,437.11,2021-08-18T00:00:00.000000000,2021-08-18T00:00:00.000000000,0.85,0.87,3.0,pHvH,0,SPGI211119C00470000,470.0,7.8,0.049787,0.075244,S&P Global Inc.,USD,241000000.0,105539756032.0,105539.756032,NYQ,"105,539.76 MM",Large Cap,,0.0,1.0,0,,2021-11-19,0,0.0,0,18.757004,20.0
148,SPOT,207.79,2021-08-18T00:00:00.000000000,2021-08-18T00:00:00.000000000,0.02,0.57,8.0,pLv-,0,SPOT211119C00260000,260.0,3.7,0.042692,0.251263,Spotify Technology S.A.,USD,191356000.0,39696801792.0,39696.801792,NYQ,"39,696.80 MM",Large Cap,,0.0,1.0,0,,2021-11-19,0,0.0,0,16.163295,8.0
149,SPLK,142.88,2021-08-18T00:00:00.000000000,2021-08-18T00:00:00.000000000,0.85,0.0,1.0,pHvL,0,SPLK211119C00180000,180.0,2.13,0.0355,0.259798,Splunk Inc.,USD,163916992.0,23392595968.0,23392.595968,NMS,"23,392.60 MM",Large Cap,,0.0,1.0,0,,2021-11-19,0,0.0,0,,
150,SQ,264.73,2021-08-18T00:00:00.000000000,2021-08-18T00:00:00.000000000,0.76,0.37,2.0,pHv-,0,SQ211119C00330000,330.0,5.35,0.048636,0.246553,Square Inc.,USD,397396000.0,121783140352.0,121783.140352,NYQ,"121,783.14 MM",Large Cap,,0.0,1.0,0,,2021-11-19,0,0.0,0,18.845506,14.0
151,STZ,214.86,2021-08-18T00:00:00.000000000,2021-08-18T00:00:00.000000000,0.12,0.91,9.0,pLvH,0,STZ211015C00235000,235.0,1.55,0.039574,0.093735,Constellation Brands Inc.,USD,168251008.0,41328054272.0,41328.054272,NYQ,"41,328.05 MM",Large Cap,,0.0,1.0,0,,2021-10-15,0,0.0,0,16.604476,23.0
152,SWKS,177.7,2021-08-18T00:00:00.000000000,2021-08-18T00:00:00.000000000,0.35,0.0,4.0,p-vL,0,SWKS211119C00210000,210.0,1.89,0.027,0.181767,Skyworks Solutions Inc.,USD,165144992.0,29309931520.0,29309.93152,NMS,"29,309.93 MM",Large Cap,,0.0,1.0,0,,2021-11-19,0,0.0,0,19.637672,24.0
153,SWMA.ST,79.9,2021-08-18T00:00:00.000000000,2021-08-18T00:00:00.000000000,1.0,0.04,1.0,pHvL,92282,,,,,,Swedish Match AB (publ),SEK,1565229952.0,125093175296.0,14338.362002,STO,"125,093.18 MM",Large Cap,"IN(47,002) EQ(45,280)",845142.05,8.7244,0,,,45280,414685.77,0,,
154,SYK,264.67,2021-08-18T00:00:00.000000000,2021-08-18T00:00:00.000000000,0.72,0.12,4.0,p-vL,0,SYK211217C00300000,300.0,2.75,0.0275,0.133487,Stryker Corporation,USD,377096000.0,99949289472.0,99949.289472,NYQ,"99,949.29 MM",Large Cap,,0.0,1.0,0,,2021-12-17,0,0.0,0,18.381399,26.0
155,TCOM,24.7,2021-08-18T00:00:00.000000000,2021-08-18T00:00:00.000000000,0.05,0.99,9.0,pLvH,10338,TCOM211217C00025000,25.0,2.35,0.282,0.012146,Trip.com Group Limited,USD,637456000.0,16015881216.0,16015.881216,NMS,"16,015.88 MM",Large Cap,"IN(10,338)",255400.29,1.0,-10300,IN(-103),2021-12-17,0,0.0,0,18.926266,4.0
156,TOD.MI,51.45,2021-08-18T00:00:00.000000000,2021-08-18T00:00:00.000000000,0.25,0.0,4.0,p-vL,0,,,,,,TOD'S S.p.A.,EUR,33093500.0,1707624576.0,1999.092222,MIL,"1,707.62 MM",Small Cap,,0.0,0.8542,0,,,0,0.0,0,,
157,TRUL.CN,35.47,2021-08-18T00:00:00.000000000,2021-08-18T00:00:00.000000000,0.09,1.0,9.0,pLvH,0,,,,,,Trulieve Cannabis Corp.,CAD,70521600.0,6584467456.0,5211.910758,CNQ,"6,584.47 MM",Mid Cap,,0.0,1.2633,0,,,0,0.0,0,,
158,TSLA,689.68,2021-08-18T00:00:00.000000000,2021-08-18T00:00:00.000000000,0.74,0.11,4.0,p-vL,0,TSLA211119C00930000,930.0,12.1,0.039032,0.348451,Tesla Inc.,USD,990014976.0,685585399808.0,685585.399808,NMS,"685,585.40 MM",Large Cap,,0.0,1.0,0,,2021-11-19,0,0.0,0,19.981025,35.0
159,TYL,472.84,2021-08-18T00:00:00.000000000,2021-08-18T00:00:00.000000000,0.69,0.07,4.0,p-vL,0,TYL211217C00510000,510.0,11.6,0.04549,0.078589,Tyler Technologies Inc.,USD,40843400.0,19330772992.0,19330.772992,NYQ,"19,330.77 MM",Large Cap,,0.0,1.0,0,,2021-12-17,0,0.0,0,18.88326,19.0
160,UBER,41.26,2021-08-18T00:00:00.000000000,2021-08-18T00:00:00.000000000,0.02,0.51,8.0,pLv-,21954,UBER211119C00052500,52.5,0.64,0.036571,0.272419,Uber Technologies Inc.,USD,1884349952.0,77541007360.0,77541.00736,NYQ,"77,541.01 MM",Large Cap,"IN(11,869) EQ(10,085)",905931.79,1.0,-25800,IN(-118) EQ(-140),2021-11-19,10085,416157.51,-14000,16.163296,4.0
161,UNP,227.66,2021-08-18T00:00:00.000000000,2021-08-18T00:00:00.000000000,0.95,1.0,3.0,pHvH,0,UNP211119C00250000,250.0,2.09,0.02508,0.098129,Union Pacific Corporation,USD,652123008.0,148305805312.0,148305.805312,NYQ,"148,305.81 MM",Large Cap,,0.0,1.0,0,,2021-11-19,0,0.0,0,19.047617,39.0
162,URI,347.51,2021-08-18T00:00:00.000000000,2021-08-18T00:00:00.000000000,0.81,1.0,3.0,pHvH,0,URI211217C00430000,430.0,5.3,0.036977,0.237374,United Rentals Inc.,USD,72390096.0,25686976512.0,25686.976512,NYQ,"25,686.98 MM",Large Cap,,0.0,1.0,0,,2021-12-17,0,0.0,0,17.945925,19.0
163,V,233.36,2021-08-18T00:00:00.000000000,2021-08-18T00:00:00.000000000,0.19,0.53,8.0,pLv-,3159,V211119C00250000,250.0,4.35,0.0522,0.071306,Visa Inc.,USD,1687640064.0,511885377536.0,511885.377536,NYQ,"511,885.38 MM",Large Cap,"IN(1,668) EQ(1,491)",737184.24,1.0,-3100,IN(-17) EQ(-14),2021-11-19,1491,347939.76,-1400,18.603864,34.0
164,VNET,16.48,2021-08-18T00:00:00.000000000,2021-08-18T00:00:00.000000000,0.18,0.38,8.0,pLv-,0,VNET211217C00026000,26.0,0.45,0.034615,0.57767,21Vianet Group Inc.,USD,143680000.0,2370001664.0,2370.001664,NMS,"2,370.00 MM",Mid Cap,,0.0,1.0,0,,2021-12-17,0,0.0,0,,
165,VRSK,191.9,2021-08-18T00:00:00.000000000,2021-08-18T00:00:00.000000000,0.95,0.96,3.0,pHvH,0,VRSK211217C00210000,210.0,2.9,0.027619,0.09432,Verisk Analytics Inc.,USD,161350000.0,30904172544.0,30904.172544,NMS,"30,904.17 MM",Large Cap,,0.0,1.0,0,,2021-12-17,0,0.0,0,17.24053,22.0
166,VRSN,209.16,2021-08-18T00:00:00.000000000,2021-08-18T00:00:00.000000000,0.0,0.98,9.0,pLvH,0,VRSN211119C00210000,210.0,8.7,0.124286,0.004016,VeriSign Inc.,USD,111874000.0,23401086976.0,23401.086976,NMS,"23,401.09 MM",Large Cap,,0.0,1.0,0,,2021-11-19,0,0.0,0,17.736902,26.0
167,WAT,405.81,2021-08-18T00:00:00.000000000,2021-08-18T00:00:00.000000000,0.97,0.92,3.0,pHvH,0,WAT211119C00430000,430.0,12.8,0.089302,0.059609,Waters Corporation,USD,61363400.0,24972707840.0,24972.70784,NYQ,"24,972.71 MM",Large Cap,,0.0,1.0,0,,2021-11-19,0,0.0,0,18.133489,20.0
168,WDAY,232.7,2021-08-18T00:00:00.000000000,2021-08-18T00:00:00.000000000,0.35,0.0,4.0,p-vL,6354,WDAY211217C00260000,260.0,8.9,0.102692,0.117318,Workday Inc.,USD,189000000.0,57418289152.0,57418.289152,NMS,"57,418.29 MM",Large Cap,"IN(3,182) EQ(3,172)",1478575.78,1.0,-4300,IN(-18) EQ(-25),2021-12-17,3172,738124.39,-2500,18.43172,23.0
169,WYNN,93.25,2021-08-18T00:00:00.000000000,2021-08-18T00:00:00.000000000,0.06,0.99,9.0,pLvH,28884,WYNN211217C00125000,125.0,1.39,0.03336,0.340483,Wynn Resorts Limited,USD,115672000.0,10776003584.0,10776.003584,NMS,"10,776.00 MM",Large Cap,"IN(4,138) OP(20,612) EQ(4,134)",2693433.0,1.0,-5800,EQ(-58),2021-12-17,4134,385495.5,-5800,19.72138,22.0
170,XRAY,61.21,2021-08-18T00:00:00.000000000,2021-08-18T00:00:00.000000000,0.35,0.98,6.0,p-vH,0,XRAY211015C00067500,67.5,0.3,0.022222,0.102761,DENTSPLY SIRONA Inc.,USD,218551008.0,13346910208.0,13346.910208,NMS,"13,346.91 MM",Large Cap,,0.0,1.0,0,,2021-10-15,0,0.0,0,16.050709,21.0
171,YUM,135.02,2021-08-18T00:00:00.000000000,2021-08-18T00:00:00.000000000,1.0,1.0,3.0,pHvH,0,YUM211015C00145000,145.0,0.75,0.031034,0.073915,Yum! Brands Inc.,USD,295647008.0,39906430976.0,39906.430976,NYQ,"39,906.43 MM",Large Cap,,0.0,1.0,0,,2021-10-15,0,0.0,0,19.21535,19.0
172,ZTS,205.17,2021-08-18T00:00:00.000000000,2021-08-18T00:00:00.000000000,0.95,0.45,2.0,pHv-,0,ZTS211015C00250000,250.0,2.4,0.0384,0.218502,Zoetis Inc.,USD,473944000.0,97163255808.0,97163.255808,NYQ,"97,163.26 MM",Large Cap,,0.0,1.0,0,,2021-10-15,0,0.0,0,19.948332,23.0
173,SPY,443.56,2021-08-18T00:00:00.000000000,2021-08-18T00:00:00.000000000,0.89,0.99,3.0,pHvH,0,SPY211119C00458000,458.0,5.97,0.039105,0.032555,SPDR S&P 500 ETF Trust,USD,917782016.0,407013392384.0,407013.392384,PCX,"407,013.39 MM",Large Cap,,0.0,1.0,0,,2021-11-19,0,0.0,0,18.764846,180.0
174,URTH,130.21,2021-08-18T00:00:00.000000000,2021-08-18T00:00:00.000000000,0.85,0.71,2.0,pHv-,0,URTH211217C00134000,134.0,0.7,0.010448,0.029107,iShares MSCI World ETF,USD,6900000.0,898724992.0,898.724992,PCX,898.72 MM,Small Cap,,0.0,1.0,0,,2021-12-17,0,0.0,0,13.717978,10.0
175,XWD,,,,,,,,0,,,,,,,,,,,,,,,0.0,1.0,0,,,0,0.0,0,,
176,XUS,,,,,,,,0,,,,,,,,,,,,,,,0.0,1.0,0,,,0,0.0,0,,
